label,Beacon_1,Beacon_2,Beacon_3,Beacon_4,Beacon_5,Beacon_7
1001,0.459016393,0.524590164,0.918032787,0.524590164,0.786885246,0.754098361
1001,0.459016393,0.524590164,0.491803279,0.524590164,0.819672131,0.704918033
1001,0.442622951,0.442622951,0.426229508,0.409836066,0.557377049,0.557377049
1001,0.393442623,0.37704918,0.37704918,0.459016393,0.590163934,0.557377049
1001,0.393442623,0.393442623,0.491803279,0.295081967,0.672131148,0.344262295
1001,0.393442623,0.393442623,0.508196721,0.295081967,0.639344262,0.606557377
1001,0.31147541,0.459016393,0.508196721,0.508196721,0.557377049,0.606557377
1001,0.31147541,0.459016393,0.475409836,0.360655738,0.672131148,0.393442623
1001,0.442622951,0.360655738,0.524590164,0.393442623,0.639344262,0.590163934
1001,0.37704918,0.393442623,0.196721311,0.393442623,0.639344262,0.557377049
1001,0.426229508,0.37704918,0.491803279,0.393442623,0.672131148,0.409836066
1001,0.426229508,0.37704918,0.524590164,0.393442623,0.672131148,0.573770492
1001,0.327868852,0.37704918,0.475409836,0.540983607,0.590163934,0.557377049
1001,0.393442623,0.344262295,0.475409836,0.540983607,0.557377049,0.590163934
1001,0.262295082,0.37704918,0.491803279,0.540983607,0.639344262,0.327868852
1001,0.442622951,0.37704918,0.557377049,0.540983607,0.68852459,0.655737705
1001,0.344262295,0.37704918,0.393442623,0.426229508,0.524590164,0.655737705
1001,0.393442623,0.393442623,0.508196721,0.442622951,0.704918033,0.426229508
1001,0.327868852,0.393442623,0.557377049,0.360655738,0.704918033,0.655737705
1001,0.442622951,0.409836066,0.557377049,0.393442623,0.68852459,0.639344262
1001,0.344262295,0.409836066,0.557377049,0.393442623,0.540983607,0.639344262
1001,0.344262295,0.426229508,0.557377049,0.393442623,0.639344262,0.639344262
1001,0.344262295,0.491803279,0.491803279,0.524590164,0.639344262,0.639344262
1001,0.491803279,0.459016393,0.491803279,0.557377049,0.786885246,0.803278689
1001,0.491803279,0.459016393,0.557377049,0.557377049,0.721311475,0.803278689
101,0.590163934,0.475409836,0.393442623,0.409836066,0.327868852,0.278688525
101,0.573770492,0.557377049,0.426229508,0.409836066,0.327868852,0.393442623
101,0.606557377,0.590163934,0.459016393,0.409836066,0.262295082,0.393442623
101,0.573770492,0.573770492,0.459016393,0.344262295,0.295081967,0.393442623
101,0.573770492,0.573770492,0.459016393,0.344262295,0.344262295,0.409836066
101,0.557377049,0.573770492,0.409836066,0.327868852,0.360655738,0.213114754
101,0.557377049,0.754098361,0.524590164,0.590163934,0.360655738,0.213114754
101,0.754098361,0.770491803,0.524590164,0.606557377,0.360655738,0.393442623
101,0.754098361,0.655737705,0.524590164,0.426229508,0.327868852,0.590163934
101,0.737704918,0.573770492,0.508196721,0.524590164,0.344262295,0.491803279
101,0.819672131,0.754098361,0.606557377,0.606557377,0.491803279,0.475409836
101,0.770491803,0.754098361,0.606557377,0.426229508,0.491803279,0.475409836
101,0.754098361,0.754098361,0.606557377,0.540983607,0.491803279,0.508196721
101,0.819672131,0.737704918,0.62295082,0.557377049,0.491803279,0.442622951
101,0.786885246,0.672131148,0.62295082,0.393442623,0.196721311,0.606557377
101,0.672131148,0.491803279,0.62295082,0.557377049,0.344262295,0.540983607
101,0.672131148,0.557377049,0.508196721,0.606557377,0.344262295,0.459016393
101,0.672131148,0.754098361,0.459016393,0.360655738,0.344262295,0.442622951
101,0.672131148,0.62295082,0.639344262,0.442622951,0.459016393,0.606557377
101,0.573770492,0.655737705,0.573770492,0.557377049,0.344262295,0.606557377
101,0.573770492,0.655737705,0.37704918,0.409836066,0.245901639,0.31147541
101,0.573770492,0.459016393,0.459016393,0.409836066,0.245901639,0.213114754
101,0.573770492,0.573770492,0.426229508,0.409836066,0.245901639,0.409836066
101,0.573770492,0.573770492,0.426229508,0.37704918,0.245901639,0.409836066
1011,0.393442623,0.426229508,0.508196721,0.524590164,0.524590164,0.655737705
1011,0.491803279,0.344262295,0.409836066,0.524590164,0.524590164,0.524590164
1011,0.426229508,0.590163934,0.327868852,0.590163934,0.524590164,0.62295082
1011,0.393442623,0.475409836,0.459016393,0.524590164,0.540983607,0.524590164
1011,0.540983607,0.37704918,0.508196721,0.672131148,0.557377049,0.573770492
1011,0.540983607,0.573770492,0.508196721,0.68852459,0.459016393,0.442622951
1011,0.475409836,0.573770492,0.508196721,0.62295082,0.508196721,0.524590164
1011,0.524590164,0.573770492,0.491803279,0.62295082,0.508196721,0.459016393
1011,0.442622951,0.573770492,0.442622951,0.62295082,0.491803279,0.540983607
1011,0.459016393,0.590163934,0.442622951,0.540983607,0.606557377,0.491803279
1011,0.459016393,0.491803279,0.442622951,0.655737705,0.606557377,0.491803279
1011,0.491803279,0.491803279,0.491803279,0.655737705,0.557377049,0.524590164
1011,0.491803279,0.540983607,0.540983607,0.655737705,0.606557377,0.524590164
1011,0.508196721,0.475409836,0.360655738,0.672131148,0.491803279,0.459016393
1011,0.442622951,0.475409836,0.426229508,0.672131148,0.524590164,0.573770492
1011,0.442622951,0.557377049,0.557377049,0.672131148,0.639344262,0.459016393
1011,0.393442623,0.557377049,0.557377049,0.672131148,0.639344262,0.442622951
1011,0.393442623,0.557377049,0.508196721,0.540983607,0.573770492,0.573770492
1011,0.393442623,0.278688525,0.508196721,0.655737705,0.573770492,0.573770492
1011,0.459016393,0.360655738,0.508196721,0.655737705,0.491803279,0.573770492
1011,0.344262295,0.590163934,0.508196721,0.557377049,0.491803279,0.573770492
1011,0.508196721,0.590163934,0.508196721,0.672131148,0.508196721,0.393442623
1011,0.442622951,0.409836066,0.491803279,0.639344262,0.540983607,0.524590164
1011,0.442622951,0.557377049,0.524590164,0.655737705,0.573770492,0.540983607
102,0.62295082,0.475409836,0.475409836,0.262295082,0.37704918,0.147540984
102,0.557377049,0.475409836,0.426229508,0.442622951,0.147540984,0.196721311
102,0.590163934,0.475409836,0.409836066,0.442622951,0.147540984,0.557377049
102,0.836065574,0.836065574,0.62295082,0.639344262,0.393442623,0.360655738
102,0.819672131,0.836065574,0.606557377,0.639344262,0.344262295,0.360655738
102,0.819672131,0.344262295,0.393442623,0.639344262,0.655737705,0.360655738
102,0.573770492,0.344262295,0.344262295,0.295081967,0.131147541,0.360655738
102,0.590163934,0.344262295,0.524590164,0.295081967,0.131147541,0.180327869
102,0.393442623,0.491803279,0.524590164,0.295081967,0.262295082,0.262295082
102,0.573770492,0.278688525,0.327868852,0.295081967,0.196721311,0.262295082
102,0.508196721,0.278688525,0.393442623,0.245901639,0.278688525,0.245901639
102,0.508196721,0.31147541,0.393442623,0.245901639,0.278688525,0.245901639
102,0.327868852,0.31147541,0.327868852,0.245901639,0.163934426,0.245901639
102,0.573770492,0.524590164,0.327868852,0.327868852,0.163934426,0.31147541
102,0.573770492,0.360655738,0.196721311,0.327868852,0.196721311,0.245901639
102,0.606557377,0.360655738,0.196721311,0.327868852,0.196721311,0.245901639
102,0.557377049,0.393442623,0.426229508,0.295081967,0.31147541,0.245901639
102,0.557377049,0.426229508,0.426229508,0.31147541,0.31147541,0.245901639
102,0.62295082,0.393442623,0.426229508,0.393442623,0.327868852,0.245901639
102,0.62295082,0.393442623,0.393442623,0.393442623,0.327868852,0.229508197
102,0.442622951,0.442622951,0.131147541,0.295081967,0.393442623,0.229508197
102,0.540983607,0.442622951,0.475409836,0.37704918,0.393442623,0.295081967
102,0.573770492,0.442622951,0.262295082,0.360655738,0.229508197,0.278688525
102,0.573770492,0.557377049,0.262295082,0.31147541,0.196721311,0.262295082
102,0.590163934,0.573770492,0.262295082,0.409836066,0.426229508,0.262295082
102,0.606557377,0.557377049,0.262295082,0.344262295,0.360655738,0.262295082
103,0.540983607,0.524590164,0.62295082,0.245901639,0.327868852,0.295081967
103,0.540983607,0.524590164,0.426229508,0.245901639,0.327868852,0.295081967
103,0.540983607,0.540983607,0.327868852,0.245901639,0.344262295,0.295081967
103,0.540983607,0.803278689,0.327868852,0.68852459,0.491803279,0.557377049
103,0.852459016,0.803278689,0.344262295,0.68852459,0.557377049,0.573770492
103,0.918032787,0.721311475,0.360655738,0.68852459,0.639344262,0.606557377
103,0.901639344,0.819672131,0.606557377,0.68852459,0.426229508,0.590163934
103,0.852459016,0.819672131,0.475409836,0.672131148,0.573770492,0.557377049
103,0.868852459,0.819672131,0.459016393,0.68852459,0.573770492,0.590163934
103,0.868852459,0.704918033,0.62295082,0.68852459,0.442622951,0.557377049
103,0.868852459,0.786885246,0.62295082,0.721311475,0.344262295,0.475409836
103,0.868852459,0.786885246,0.639344262,0.639344262,0.524590164,0.62295082
103,0.868852459,0.639344262,0.639344262,0.639344262,0.573770492,0.62295082
103,0.868852459,0.639344262,0.62295082,0.68852459,0.573770492,0.62295082
103,0.868852459,0.819672131,0.62295082,0.655737705,0.442622951,0.62295082
103,0.737704918,0.819672131,0.524590164,0.524590164,0.31147541,0.459016393
103,0.852459016,0.704918033,0.393442623,0.524590164,0.31147541,0.459016393
103,0.786885246,0.836065574,0.540983607,0.573770492,0.508196721,0.459016393
103,0.770491803,0.737704918,0.344262295,0.573770492,0.475409836,0.459016393
103,0.836065574,0.737704918,0.344262295,0.508196721,0.475409836,0.557377049
103,0.770491803,0.737704918,0.344262295,0.508196721,0.508196721,0.590163934
103,0.770491803,0.852459016,0.459016393,0.573770492,0.426229508,0.524590164
103,0.868852459,0.819672131,0.459016393,0.573770492,0.475409836,0.508196721
103,0.786885246,0.819672131,0.540983607,0.508196721,0.393442623,0.508196721
103,0.786885246,0.754098361,0.540983607,0.590163934,0.393442623,0.344262295
104,0.885245902,0.852459016,0.540983607,0.557377049,0.540983607,0.557377049
104,0.508196721,0.557377049,0.459016393,0.295081967,0.360655738,0.557377049
104,0.68852459,0.278688525,0.196721311,0.524590164,0.31147541,0.393442623
104,0.639344262,0.278688525,0.573770492,0.524590164,0.31147541,0.393442623
104,0.639344262,0.508196721,0.573770492,0.360655738,0.360655738,0.426229508
104,0.639344262,0.573770492,0.442622951,0.262295082,0.360655738,0.360655738
104,0.524590164,0.393442623,0.442622951,0.37704918,0.213114754,0.295081967
104,0.524590164,0.426229508,0.442622951,0.163934426,0.213114754,0.31147541
104,0.508196721,0.508196721,0.442622951,0.213114754,0.213114754,0.459016393
104,0.655737705,0.62295082,0.393442623,0.475409836,0.213114754,0.557377049
104,0.770491803,0.62295082,0.393442623,0.655737705,0.508196721,0.557377049
104,0.590163934,0.62295082,0.557377049,0.655737705,0.37704918,0.459016393
104,0.819672131,0.852459016,0.557377049,0.524590164,0.524590164,0.573770492
104,0.819672131,0.868852459,0.557377049,0.639344262,0.68852459,0.606557377
104,0.786885246,0.885245902,0.557377049,0.655737705,0.409836066,0.606557377
104,0.786885246,0.803278689,0.557377049,0.68852459,0.409836066,0.606557377
104,0.786885246,0.803278689,0.508196721,0.639344262,0.409836066,0.606557377
104,0.737704918,0.721311475,0.459016393,0.62295082,0.672131148,0.606557377
104,0.737704918,0.721311475,0.459016393,0.704918033,0.672131148,0.606557377
104,0.639344262,0.721311475,0.459016393,0.704918033,0.459016393,0.573770492
104,0.639344262,0.836065574,0.524590164,0.721311475,0.459016393,0.573770492
104,0.836065574,0.754098361,0.524590164,0.721311475,0.655737705,0.491803279
104,0.524590164,0.721311475,0.573770492,0.68852459,0.393442623,0.606557377
104,0.721311475,0.721311475,0.245901639,0.704918033,0.459016393,0.524590164
104,0.786885246,0.885245902,0.606557377,0.639344262,0.606557377,0.540983607
104,0.344262295,0.885245902,0.606557377,0.459016393,0.37704918,0.327868852
105,0.508196721,0.655737705,0.409836066,0.540983607,0.295081967,0.31147541
105,0.557377049,0.655737705,0.409836066,0.524590164,0.295081967,0.31147541
105,0.655737705,0.655737705,0.344262295,0.360655738,0.196721311,0.31147541
105,0.639344262,0.62295082,0.327868852,0.360655738,0.426229508,0.459016393
105,0.524590164,0.704918033,0.295081967,0.475409836,0.163934426,0.442622951
105,0.540983607,0.68852459,0.327868852,0.31147541,0.245901639,0.344262295
105,0.639344262,0.68852459,0.327868852,0.393442623,0.360655738,0.344262295
105,0.557377049,0.68852459,0.37704918,0.393442623,0.278688525,0.442622951
105,0.557377049,0.655737705,0.393442623,0.278688525,0.278688525,0.442622951
105,0.491803279,0.704918033,0.327868852,0.459016393,0.278688525,0.31147541
105,0.606557377,0.639344262,0.327868852,0.327868852,0.278688525,0.393442623
105,0.540983607,0.590163934,0.327868852,0.360655738,0.344262295,0.491803279
105,0.524590164,0.590163934,0.295081967,0.459016393,0.262295082,0.262295082
105,0.524590164,0.590163934,0.295081967,0.295081967,0.262295082,0.262295082
105,0.524590164,0.590163934,0.295081967,0.344262295,0.393442623,0.442622951
105,0.524590164,0.639344262,0.31147541,0.196721311,0.393442623,0.426229508
105,0.62295082,0.62295082,0.459016393,0.344262295,0.393442623,0.426229508
105,0.62295082,0.655737705,0.327868852,0.344262295,0.393442623,0.426229508
105,0.672131148,0.606557377,0.327868852,0.327868852,0.344262295,0.344262295
105,0.606557377,0.606557377,0.360655738,0.327868852,0.327868852,0.360655738
105,0.639344262,0.606557377,0.196721311,0.163934426,0.327868852,0.245901639
105,0.672131148,0.606557377,0.393442623,0.31147541,0.31147541,0.344262295
105,0.606557377,0.393442623,0.37704918,0.37704918,0.229508197,0.360655738
105,0.606557377,0.393442623,0.327868852,0.37704918,0.360655738,0.344262295
105,0.68852459,0.393442623,0.360655738,0.245901639,0.278688525,0.344262295
106,0.770491803,0.393442623,0.37704918,0.31147541,0.344262295,0.409836066
106,0.770491803,0.393442623,0.508196721,0.31147541,0.344262295,0.409836066
106,0.295081967,0.491803279,0.508196721,0.344262295,0.196721311,0.409836066
106,0.295081967,0.524590164,0.508196721,0.327868852,0.196721311,0.344262295
106,0.62295082,0.524590164,0.508196721,0.393442623,0.360655738,0.426229508
106,0.360655738,0.721311475,0.590163934,0.344262295,0.295081967,0.426229508
106,0.62295082,0.721311475,0.590163934,0.344262295,0.557377049,0.426229508
106,0.639344262,1,0.590163934,0.491803279,0.557377049,0.459016393
106,0.639344262,0.901639344,0.62295082,0.573770492,0.557377049,0.524590164
106,0.672131148,0.983606557,0.655737705,0.721311475,0.360655738,0.524590164
106,0.672131148,0.967213115,0.655737705,0.459016393,0.573770492,0.557377049
106,0.672131148,0.93442623,0.655737705,0.62295082,0.590163934,0.557377049
106,0.721311475,0.93442623,0.606557377,0.704918033,0.491803279,0.491803279
106,0.62295082,0.983606557,0.540983607,0.475409836,0.409836066,0.508196721
106,0.704918033,0.967213115,0.62295082,0.475409836,0.573770492,0.590163934
106,0.68852459,1,0.606557377,0.704918033,0.557377049,0.590163934
106,0.62295082,1,0.639344262,0.655737705,0.508196721,0.573770492
106,0.62295082,1,0.573770492,0.62295082,0.508196721,0.573770492
106,0.590163934,0.983606557,0.573770492,0.62295082,0.590163934,0.524590164
106,0.475409836,0.950819672,0.557377049,0.573770492,0.524590164,0.540983607
106,0.655737705,1,0.557377049,0.721311475,0.606557377,0.540983607
106,0.655737705,0.967213115,0.639344262,0.573770492,0.606557377,0.540983607
106,0.508196721,0.918032787,0.639344262,0.655737705,0.442622951,0.459016393
106,0.393442623,0.426229508,0.409836066,0.508196721,0.278688525,0.459016393
106,0.278688525,0.426229508,0.508196721,0.426229508,0.262295082,0.459016393
107,0.524590164,0.68852459,0.31147541,0.590163934,0.459016393,0.393442623
107,0.524590164,0.68852459,0.327868852,0.442622951,0.278688525,0.426229508
107,0.524590164,0.672131148,0.459016393,0.360655738,0.360655738,0.409836066
107,0.344262295,0.754098361,0.344262295,0.360655738,0.245901639,0.37704918
107,0.442622951,0.68852459,0.344262295,0.508196721,0.327868852,0.442622951
107,0.508196721,0.68852459,0.344262295,0.393442623,0.327868852,0.459016393
107,0.491803279,0.655737705,0.360655738,0.573770492,0.114754098,0.459016393
107,0.491803279,0.655737705,0.426229508,0.524590164,0.360655738,0.459016393
107,0.409836066,0.68852459,0.426229508,0.540983607,0.327868852,0.37704918
107,0.442622951,0.68852459,0.37704918,0.540983607,0.327868852,0.37704918
107,0.442622951,0.639344262,0.426229508,0.540983607,0.114754098,0.459016393
107,0.442622951,0.639344262,0.426229508,0.524590164,0.409836066,0.573770492
107,0.639344262,0.93442623,0.655737705,0.573770492,0.409836066,0.590163934
107,0.606557377,0.93442623,0.508196721,0.655737705,0.491803279,0.639344262
107,0.475409836,0.93442623,0.508196721,0.655737705,0.262295082,0.524590164
107,0.475409836,0.901639344,0.508196721,0.442622951,0.393442623,0.524590164
107,0.475409836,0.901639344,0.672131148,0.524590164,0.524590164,0.524590164
107,0.459016393,0.901639344,0.672131148,0.524590164,0.213114754,0.573770492
107,0.590163934,0.918032787,0.459016393,0.442622951,0.459016393,0.409836066
107,0.590163934,0.918032787,0.672131148,0.508196721,0.524590164,0.491803279
107,0.590163934,0.852459016,0.524590164,0.639344262,0.524590164,0.573770492
107,0.62295082,0.852459016,0.62295082,0.639344262,0.491803279,0.590163934
107,0.557377049,0.852459016,0.62295082,0.606557377,0.491803279,0.590163934
107,0.557377049,0.836065574,0.639344262,0.606557377,0.459016393,0.590163934
107,0.606557377,0.836065574,0.639344262,0.344262295,0.540983607,0.360655738
108,0.295081967,0.557377049,0.262295082,0.573770492,0.295081967,0.360655738
108,0.295081967,0.606557377,0.409836066,0.491803279,0.295081967,0.360655738
108,0.295081967,0.540983607,0.360655738,0.475409836,0.327868852,0.31147541
108,0.344262295,0.524590164,0.524590164,0.475409836,0.37704918,0.295081967
108,0.459016393,0.606557377,0.37704918,0.344262295,0.327868852,0.426229508
108,0.360655738,0.655737705,0.426229508,0.491803279,0.393442623,0.262295082
108,0.360655738,0.524590164,0.426229508,0.524590164,0.360655738,0.344262295
108,0.442622951,0.573770492,0.524590164,0.409836066,0.360655738,0.344262295
108,0.442622951,0.573770492,0.409836066,0.508196721,0.31147541,0.278688525
108,0.360655738,0.573770492,0.426229508,0.491803279,0.37704918,0.426229508
108,0.508196721,0.557377049,0.459016393,0.475409836,0.37704918,0.426229508
108,0.508196721,0.672131148,0.459016393,0.475409836,0.344262295,0.426229508
108,0.508196721,0.672131148,0.459016393,0.475409836,0.393442623,0.426229508
108,0.459016393,0.672131148,0.426229508,0.475409836,0.31147541,0.426229508
108,0.442622951,0.803278689,0.459016393,0.573770492,0.31147541,0.393442623
108,0.491803279,0.68852459,0.491803279,0.524590164,0.31147541,0.393442623
108,0.37704918,0.754098361,0.344262295,0.475409836,0.31147541,0.37704918
108,0.426229508,0.770491803,0.426229508,0.442622951,0.37704918,0.278688525
108,0.524590164,0.655737705,0.426229508,0.442622951,0.37704918,0.278688525
108,0.278688525,0.655737705,0.426229508,0.442622951,0.114754098,0.360655738
108,0.426229508,0.655737705,0.393442623,0.442622951,0.31147541,0.360655738
108,0.360655738,0.704918033,0.393442623,0.459016393,0.31147541,0.360655738
108,0.360655738,0.704918033,0.360655738,0.524590164,0.37704918,0.360655738
108,0.360655738,0.721311475,0.491803279,0.393442623,0.37704918,0.459016393
108,0.37704918,0.754098361,0.37704918,0.393442623,0.327868852,0.393442623
108,0.360655738,0.557377049,0.37704918,0.459016393,0.327868852,0.31147541
109,0.37704918,0.704918033,0.37704918,0.442622951,0.393442623,0.442622951
109,0.37704918,0.704918033,0.37704918,0.491803279,0.360655738,0.442622951
109,0.360655738,0.704918033,0.393442623,0.524590164,0.360655738,0.409836066
109,0.360655738,0.704918033,0.31147541,0.459016393,0.360655738,0.459016393
109,0.360655738,0.573770492,0.213114754,0.459016393,0.360655738,0.31147541
109,0.360655738,0.573770492,0.229508197,0.459016393,0.229508197,0.31147541
109,0.262295082,0.573770492,0.360655738,0.442622951,0.163934426,0.31147541
109,0.31147541,0.508196721,0.360655738,0.491803279,0.327868852,0.31147541
109,0.31147541,0.508196721,0.360655738,0.524590164,0.327868852,0.31147541
109,0.327868852,0.557377049,0.37704918,0.344262295,0.245901639,0.31147541
109,0.327868852,0.590163934,0.409836066,0.37704918,0.163934426,0.31147541
109,0.327868852,0.540983607,0.409836066,0.344262295,0.163934426,0.31147541
109,0.327868852,0.540983607,0.245901639,0.344262295,0.163934426,0.31147541
109,0.262295082,0.540983607,0.327868852,0.491803279,0.278688525,0.344262295
109,0.098360656,0.557377049,0.327868852,0.393442623,0.245901639,0.344262295
109,0.426229508,0.426229508,0.31147541,0.442622951,0.344262295,0.295081967
109,0.295081967,0.426229508,0.31147541,0.459016393,0.196721311,0.196721311
109,0.31147541,0.590163934,0.31147541,0.459016393,0.31147541,0.393442623
109,0.393442623,0.573770492,0.213114754,0.426229508,0.31147541,0.344262295
109,0.360655738,0.62295082,0.393442623,0.442622951,0.31147541,0.229508197
109,0.344262295,0.62295082,0.393442623,0.409836066,0.31147541,0.327868852
109,0.426229508,0.573770492,0.393442623,0.344262295,0.213114754,0.327868852
109,0.426229508,0.573770492,0.393442623,0.344262295,0.31147541,0.327868852
109,0.327868852,0.573770492,0.426229508,0.327868852,0.114754098,0.37704918
109,0.344262295,0.573770492,0.327868852,0.360655738,0.147540984,0.098360656
110,0.327868852,0.62295082,0.557377049,0.442622951,0.393442623,0.114754098
110,0.327868852,0.491803279,0.393442623,0.409836066,0.426229508,0.262295082
110,0.327868852,0.491803279,0.393442623,0.442622951,0.426229508,0.262295082
110,0.393442623,0.573770492,0.393442623,0.426229508,0.426229508,0.344262295
110,0.163934426,0.557377049,0.278688525,0.245901639,0.442622951,0.344262295
110,0.163934426,0.37704918,0.344262295,0.245901639,0.442622951,0.278688525
110,0.37704918,0.37704918,0.360655738,0.459016393,0.409836066,0.278688525
110,0.229508197,0.37704918,0.213114754,0.278688525,0.360655738,0.327868852
110,0.229508197,0.557377049,0.213114754,0.393442623,0.344262295,0.278688525
110,0.229508197,0.475409836,0.213114754,0.393442623,0.37704918,0.278688525
110,0.229508197,0.475409836,0.213114754,0.344262295,0.37704918,0.344262295
110,0.295081967,0.459016393,0.245901639,0.278688525,0.426229508,0.262295082
110,0.344262295,0.344262295,0.245901639,0.409836066,0.426229508,0.278688525
110,0.295081967,0.524590164,0.245901639,0.180327869,0.442622951,0.278688525
110,0.163934426,0.491803279,0.327868852,0.31147541,0.442622951,0.213114754
110,0.163934426,0.31147541,0.327868852,0.409836066,0.31147541,0.245901639
110,0.360655738,0.573770492,0.327868852,0.409836066,0.360655738,0.31147541
110,0.213114754,0.524590164,0.360655738,0.409836066,0.442622951,0.327868852
110,0.213114754,0.524590164,0.360655738,0.409836066,0.393442623,0.180327869
110,0.278688525,0.557377049,0.327868852,0.409836066,0.442622951,0.344262295
110,0.213114754,0.557377049,0.262295082,0.409836066,0.442622951,0.229508197
110,0.213114754,0.524590164,0.327868852,0.557377049,0.327868852,0.327868852
110,0.245901639,0.508196721,0.327868852,0.344262295,0.327868852,0.31147541
110,0.245901639,0.475409836,0.426229508,0.409836066,0.475409836,0.278688525
110,0.393442623,0.557377049,0.426229508,0.540983607,0.278688525,0.278688525
1101,0.295081967,0.196721311,0.475409836,0.37704918,0.524590164,0.491803279
1101,0.163934426,0.475409836,0.459016393,0.409836066,0.557377049,0.491803279
1101,0.06557377,0.196721311,0.459016393,0.327868852,0.524590164,0.491803279
1101,0.06557377,0.344262295,0.245901639,0.327868852,0.672131148,0.278688525
1101,0.31147541,0.426229508,0.262295082,0.327868852,0.590163934,0.557377049
1101,0.31147541,0.426229508,0.360655738,0.327868852,0.655737705,0.557377049
1101,0.491803279,0.262295082,0.475409836,0.409836066,0.770491803,0.442622951
1101,0.491803279,0.245901639,0.459016393,0.360655738,0.639344262,0.540983607
1101,0.491803279,0.360655738,0.459016393,0.393442623,0.68852459,0.540983607
1101,0.442622951,0.360655738,0.540983607,0.442622951,0.68852459,0.62295082
1101,0.442622951,0.37704918,0.508196721,0.442622951,0.68852459,0.459016393
1101,0.327868852,0.491803279,0.426229508,0.393442623,0.68852459,0.295081967
1101,0.327868852,0.491803279,0.426229508,0.426229508,0.68852459,0.295081967
1101,0.360655738,0.213114754,0.37704918,0.278688525,0.639344262,0.295081967
1101,0.360655738,0.262295082,0.491803279,0.360655738,0.770491803,0.590163934
1101,0.327868852,0.393442623,0.491803279,0.360655738,0.62295082,0.590163934
1101,0.131147541,0.180327869,0.31147541,0.295081967,0.672131148,0.590163934
1101,0.31147541,0.180327869,0.426229508,0.196721311,0.754098361,0.590163934
1101,0.459016393,0.360655738,0.524590164,0.426229508,0.639344262,0.606557377
1101,0.459016393,0.360655738,0.31147541,0.426229508,0.704918033,0.606557377
1101,0.459016393,0.262295082,0.37704918,0.262295082,0.704918033,0.573770492
1101,0.459016393,0.295081967,0.37704918,0.327868852,0.721311475,0.573770492
1101,0.360655738,0.426229508,0.37704918,0.360655738,0.524590164,0.590163934
1101,0.295081967,0.426229508,0.37704918,0.327868852,0.721311475,0.590163934
1101,0.442622951,0.37704918,0.393442623,0.344262295,0.786885246,0.590163934
1102,0.524590164,0.360655738,0.31147541,0.360655738,0.819672131,0.540983607
1102,0.524590164,0.31147541,0.31147541,0.426229508,0.819672131,0.540983607
1102,0.524590164,0.31147541,0.229508197,0.31147541,0.62295082,0.540983607
1102,0.37704918,0.31147541,0.540983607,0.573770492,0.704918033,0.737704918
1102,0.459016393,0.573770492,0.114754098,0.262295082,0.655737705,0.606557377
1102,0.393442623,0.393442623,0.62295082,0.262295082,0.721311475,0.721311475
1102,0.393442623,0.475409836,0.672131148,0.262295082,0.918032787,0.737704918
1102,0.508196721,0.475409836,0.672131148,0.573770492,0.836065574,0.721311475
1102,0.508196721,0.442622951,0.573770492,0.573770492,0.918032787,0.68852459
1102,0.508196721,0.508196721,0.590163934,0.459016393,0.918032787,0.68852459
1102,0.31147541,0.508196721,0.606557377,0.573770492,0.885245902,0.68852459
1102,0.31147541,0.508196721,0.491803279,0.37704918,0.885245902,0.68852459
1102,0.459016393,0.508196721,0.491803279,0.459016393,0.901639344,0.786885246
1102,0.459016393,0.557377049,0.491803279,0.606557377,0.885245902,0.737704918
1102,0.475409836,0.557377049,0.590163934,0.606557377,0.721311475,0.704918033
1102,0.475409836,0.278688525,0.491803279,0.606557377,0.754098361,0.770491803
1102,0.327868852,0.475409836,0.655737705,0.606557377,0.754098361,0.803278689
1102,0.409836066,0.475409836,0.524590164,0.62295082,0.786885246,0.721311475
1102,0.360655738,0.475409836,0.442622951,0.62295082,0.868852459,0.704918033
1102,0.360655738,0.475409836,0.442622951,0.62295082,0.918032787,0.721311475
1102,0.459016393,0.426229508,0.590163934,0.606557377,0.786885246,0.721311475
1102,0.540983607,0.491803279,0.590163934,0.606557377,0.819672131,0.770491803
1102,0.491803279,0.590163934,0.573770492,0.491803279,0.901639344,0.639344262
1102,0.491803279,0.459016393,0.672131148,0.524590164,0.901639344,0.819672131
1102,0.459016393,0.459016393,0.606557377,0.295081967,0.901639344,0.721311475
1103,0.098360656,0.344262295,0.459016393,0.442622951,0.573770492,0.557377049
1103,0.098360656,0.081967213,0.459016393,0.393442623,0.573770492,0.557377049
1103,0.229508197,0.081967213,0.459016393,0.393442623,0.524590164,0.704918033
1103,0.508196721,0.360655738,0.131147541,0.393442623,0.819672131,0.770491803
1103,0.508196721,0.590163934,0.524590164,0.442622951,0.819672131,0.737704918
1103,0.606557377,0.442622951,0.639344262,0.606557377,0.836065574,0.786885246
1103,0.508196721,0.442622951,0.262295082,0.606557377,0.786885246,0.786885246
1103,0.491803279,0.508196721,0.262295082,0.344262295,0.786885246,0.721311475
1103,0.491803279,0.327868852,0.426229508,0.508196721,0.786885246,0.721311475
1103,0.491803279,0.344262295,0.540983607,0.508196721,0.754098361,0.721311475
1103,0.393442623,0.491803279,0.409836066,0.508196721,0.754098361,0.721311475
1103,0.459016393,0.344262295,0.409836066,0.475409836,0.819672131,0.68852459
1103,0.491803279,0.344262295,0.491803279,0.475409836,0.786885246,0.68852459
1103,0.491803279,0.491803279,0.672131148,0.491803279,0.786885246,0.836065574
1103,0.491803279,0.442622951,0.37704918,0.491803279,0.819672131,0.836065574
1103,0.540983607,0.442622951,0.37704918,0.491803279,0.770491803,0.704918033
1103,0.393442623,0.442622951,0.37704918,0.491803279,0.786885246,0.836065574
1103,0.491803279,0.442622951,0.62295082,0.491803279,0.786885246,0.836065574
1103,0.475409836,0.524590164,0.426229508,0.409836066,0.852459016,0.836065574
1103,0.475409836,0.31147541,0.426229508,0.540983607,0.819672131,0.836065574
1103,0.540983607,0.344262295,0.639344262,0.459016393,0.836065574,0.836065574
1103,0.360655738,0.573770492,0.295081967,0.459016393,0.737704918,0.836065574
1103,0.524590164,0.475409836,0.295081967,0.393442623,0.836065574,0.836065574
1103,0.524590164,0.475409836,0.37704918,0.475409836,0.836065574,0.836065574
1103,0.459016393,0.557377049,0.426229508,0.475409836,0.901639344,0.68852459
1103,0.37704918,0.229508197,0.508196721,0.721311475,0.786885246,0.68852459
1103,0.37704918,0.409836066,0.360655738,0.557377049,0.754098361,0.68852459
1104,0.344262295,0.508196721,0.475409836,0.426229508,0.672131148,0.573770492
1104,0.180327869,0.344262295,0.426229508,0.442622951,0.672131148,0.573770492
1104,0.163934426,0.344262295,0.426229508,0.409836066,0.639344262,0.754098361
1104,0.31147541,0.229508197,0.426229508,0.459016393,0.606557377,0.68852459
1104,0.278688525,0.229508197,0.229508197,0.459016393,0.590163934,0.68852459
1104,0.180327869,0.245901639,0.213114754,0.360655738,0.639344262,0.655737705
1104,0.180327869,0.245901639,0.37704918,0.360655738,0.639344262,0.68852459
1104,0.180327869,0.344262295,0.524590164,0.409836066,0.655737705,0.672131148
1104,0.229508197,0.344262295,0.360655738,0.327868852,0.62295082,0.672131148
1104,0.213114754,0.344262295,0.196721311,0.409836066,0.62295082,0.655737705
1104,0.213114754,0.37704918,0.196721311,0.37704918,0.62295082,0.655737705
1104,0.245901639,0.196721311,0.491803279,0.426229508,0.62295082,0.655737705
1104,0.327868852,0.196721311,0.360655738,0.475409836,0.62295082,0.62295082
1104,0.245901639,0.344262295,0.360655738,0.37704918,0.655737705,0.62295082
1104,0.245901639,0.245901639,0.393442623,0.459016393,0.606557377,0.639344262
1104,0.245901639,0.245901639,0.37704918,0.459016393,0.655737705,0.639344262
1104,0.278688525,0.360655738,0.37704918,0.344262295,0.672131148,0.68852459
1104,0.278688525,0.360655738,0.37704918,0.475409836,0.68852459,0.672131148
1104,0.278688525,0.098360656,0.459016393,0.459016393,0.606557377,0.672131148
1104,0.344262295,0.098360656,0.409836066,0.295081967,0.606557377,0.655737705
1104,0.213114754,0.098360656,0.098360656,0.393442623,0.639344262,0.721311475
1104,0.262295082,0.295081967,0.393442623,0.475409836,0.606557377,0.655737705
1104,0.31147541,0.295081967,0.360655738,0.475409836,0.606557377,0.655737705
1104,0.213114754,0.31147541,0.360655738,0.327868852,0.590163934,0.672131148
1105,0.081967213,0.295081967,0.704918033,0.278688525,0.524590164,0.62295082
1105,0.081967213,0.180327869,0.295081967,0.344262295,0.262295082,0.573770492
1105,0.344262295,0.180327869,0.426229508,0.491803279,0.426229508,0.573770492
1105,0.163934426,0.393442623,0.409836066,0.491803279,0.540983607,0.704918033
1105,0.163934426,0.229508197,0.360655738,0.360655738,0.590163934,0.475409836
1105,0.262295082,0.229508197,0.393442623,0.426229508,0.475409836,0.491803279
1105,0.262295082,0.229508197,0.442622951,0.426229508,0.475409836,0.721311475
1105,0.131147541,0.393442623,0.278688525,0.37704918,0.327868852,0.68852459
1105,0.131147541,0.295081967,0.229508197,0.557377049,0.360655738,0.721311475
1105,0.131147541,0.31147541,0.229508197,0.524590164,0.540983607,0.639344262
1105,0.295081967,0.393442623,0.278688525,0.524590164,0.508196721,0.68852459
1105,0.245901639,0.262295082,0.327868852,0.524590164,0.508196721,0.655737705
1105,0.262295082,0.262295082,0.213114754,0.524590164,0.508196721,0.606557377
1105,0.31147541,0.393442623,0.459016393,0.393442623,0.31147541,0.62295082
1105,0.229508197,0.327868852,0.459016393,0.426229508,0.31147541,0.639344262
1105,0.163934426,0.37704918,0.31147541,0.278688525,0.459016393,0.639344262
1105,0.180327869,0.37704918,0.459016393,0.393442623,0.459016393,0.704918033
1105,0.180327869,0.344262295,0.459016393,0.442622951,0.442622951,0.540983607
1105,0.278688525,0.459016393,0.459016393,0.278688525,0.557377049,0.655737705
1105,0.245901639,0.180327869,0.459016393,0.459016393,0.704918033,0.721311475
1105,0.31147541,0.442622951,0.393442623,0.360655738,0.68852459,0.721311475
1105,0.360655738,0.459016393,0.393442623,0.508196721,0.68852459,0.721311475
1105,0.295081967,0.295081967,0.393442623,0.508196721,0.557377049,0.639344262
1105,0.131147541,0.278688525,0.393442623,0.491803279,0.62295082,0.639344262
1106,0.180327869,0.540983607,0.360655738,0.524590164,0.426229508,0.590163934
1106,0.344262295,0.131147541,0.459016393,0.37704918,0.508196721,0.590163934
1106,0.262295082,0.360655738,0.459016393,0.393442623,0.508196721,0.590163934
1106,0.262295082,0.31147541,0.459016393,0.393442623,0.508196721,0.68852459
1106,0.262295082,0.213114754,0.459016393,0.426229508,0.508196721,0.557377049
1106,0.262295082,0.344262295,0.278688525,0.393442623,0.475409836,0.557377049
1106,0.278688525,0.295081967,0.278688525,0.508196721,0.31147541,0.524590164
1106,0.245901639,0.327868852,0.31147541,0.508196721,0.459016393,0.68852459
1106,0.245901639,0.213114754,0.31147541,0.442622951,0.524590164,0.508196721
1106,0.163934426,0.213114754,0.393442623,0.475409836,0.540983607,0.655737705
1106,0.163934426,0.229508197,0.393442623,0.393442623,0.508196721,0.68852459
1106,0.295081967,0.262295082,0.295081967,0.37704918,0.590163934,0.426229508
1106,0.229508197,0.098360656,0.393442623,0.508196721,0.360655738,0.540983607
1106,0.213114754,0.098360656,0.37704918,0.508196721,0.475409836,0.590163934
1106,0.295081967,0.098360656,0.098360656,0.475409836,0.557377049,0.68852459
1106,0.262295082,0.393442623,0.163934426,0.524590164,0.557377049,0.590163934
1106,0.262295082,0.295081967,0.163934426,0.278688525,0.442622951,0.639344262
1106,0.262295082,0.295081967,0.163934426,0.491803279,0.491803279,0.672131148
1106,0.31147541,0.295081967,0.327868852,0.508196721,0.180327869,0.524590164
1106,0.327868852,0.278688525,0.426229508,0.508196721,0.180327869,0.524590164
1106,0.229508197,0.360655738,0.426229508,0.508196721,0.508196721,0.524590164
1106,0.295081967,0.31147541,0.459016393,0.508196721,0.409836066,0.524590164
1106,0.295081967,0.245901639,0.409836066,0.295081967,0.409836066,0.475409836
1106,0.295081967,0.327868852,0.409836066,0.459016393,0.409836066,0.475409836
1106,0.114754098,0.344262295,0.37704918,0.37704918,0.459016393,0.475409836
1107,0.37704918,0.360655738,0.557377049,0.655737705,0.606557377,0.770491803
1107,0.442622951,0.426229508,0.639344262,0.557377049,0.606557377,0.770491803
1107,0.442622951,0.557377049,0.639344262,0.459016393,0.672131148,0.868852459
1107,0.442622951,0.393442623,0.639344262,0.62295082,0.573770492,0.852459016
1107,0.360655738,0.393442623,0.573770492,0.409836066,0.442622951,0.852459016
1107,0.327868852,0.524590164,0.62295082,0.606557377,0.672131148,0.852459016
1107,0.360655738,0.475409836,0.62295082,0.540983607,0.573770492,0.852459016
1107,0.360655738,0.475409836,0.62295082,0.557377049,0.68852459,0.852459016
1107,0.360655738,0.475409836,0.590163934,0.426229508,0.68852459,0.819672131
1107,0.131147541,0.442622951,0.524590164,0.573770492,0.557377049,0.885245902
1107,0.393442623,0.459016393,0.426229508,0.540983607,0.639344262,0.737704918
1107,0.393442623,0.540983607,0.62295082,0.491803279,0.573770492,0.819672131
1107,0.393442623,0.540983607,0.639344262,0.491803279,0.508196721,0.819672131
1107,0.131147541,0.573770492,0.655737705,0.68852459,0.491803279,0.557377049
1107,0.295081967,0.31147541,0.524590164,0.327868852,0.37704918,0.557377049
1107,0.31147541,0.245901639,0.344262295,0.327868852,0.459016393,0.672131148
1107,0.31147541,0.344262295,0.344262295,0.508196721,0.409836066,0.540983607
1107,0.31147541,0.327868852,0.327868852,0.508196721,0.409836066,0.540983607
1107,0.31147541,0.213114754,0.360655738,0.327868852,0.409836066,0.459016393
1107,0.262295082,0.393442623,0.508196721,0.524590164,0.409836066,0.540983607
1107,0.262295082,0.344262295,0.262295082,0.459016393,0.393442623,0.639344262
1107,0.262295082,0.278688525,0.262295082,0.459016393,0.393442623,0.459016393
1107,0.262295082,0.37704918,0.262295082,0.426229508,0.37704918,0.442622951
1107,0.344262295,0.262295082,0.262295082,0.491803279,0.37704918,0.704918033
1108,0.114754098,0.327868852,0.262295082,0.442622951,0.459016393,0.62295082
1108,0.426229508,0.508196721,0.540983607,0.442622951,0.442622951,0.786885246
1108,0.524590164,0.508196721,0.590163934,0.540983607,0.557377049,0.770491803
1108,0.426229508,0.508196721,0.62295082,0.508196721,0.557377049,0.786885246
1108,0.524590164,0.508196721,0.557377049,0.557377049,0.557377049,0.786885246
1108,0.524590164,0.442622951,0.508196721,0.360655738,0.672131148,0.754098361
1108,0.475409836,0.508196721,0.459016393,0.475409836,0.540983607,0.803278689
1108,0.426229508,0.475409836,0.475409836,0.475409836,0.475409836,0.803278689
1108,0.426229508,0.37704918,0.62295082,0.606557377,0.590163934,0.754098361
1108,0.426229508,0.491803279,0.62295082,0.573770492,0.62295082,0.786885246
1108,0.426229508,0.360655738,0.524590164,0.573770492,0.524590164,0.786885246
1108,0.426229508,0.393442623,0.540983607,0.655737705,0.606557377,0.786885246
1108,0.459016393,0.393442623,0.590163934,0.557377049,0.540983607,0.786885246
1108,0.393442623,0.393442623,0.590163934,0.62295082,0.540983607,0.852459016
1108,0.393442623,0.459016393,0.590163934,0.606557377,0.475409836,0.754098361
1108,0.393442623,0.459016393,0.442622951,0.540983607,0.68852459,0.754098361
1108,0.327868852,0.459016393,0.442622951,0.295081967,0.557377049,0.93442623
1108,0.426229508,0.459016393,0.655737705,0.295081967,0.557377049,0.754098361
1108,0.327868852,0.475409836,0.655737705,0.62295082,0.573770492,0.770491803
1108,0.327868852,0.475409836,0.68852459,0.508196721,0.655737705,0.737704918
1108,0.327868852,0.508196721,0.639344262,0.508196721,0.508196721,0.770491803
1108,0.131147541,0.278688525,0.540983607,0.655737705,0.573770492,0.770491803
1108,0.131147541,0.508196721,0.606557377,0.655737705,0.655737705,0.721311475
1108,0.426229508,0.540983607,0.590163934,0.62295082,0.524590164,0.786885246
1108,0.426229508,0.37704918,0.426229508,0.540983607,0.409836066,0.508196721
1109,0.393442623,0.459016393,0.459016393,0.491803279,0.245901639,0.524590164
1109,0.393442623,0.459016393,0.459016393,0.491803279,0.573770492,0.524590164
1109,0.131147541,0.540983607,0.459016393,0.508196721,0.426229508,0.360655738
1109,0.098360656,0.360655738,0.426229508,0.147540984,0.37704918,0.393442623
1109,0.098360656,0.360655738,0.442622951,0.147540984,0.213114754,0.327868852
1109,0.196721311,0.278688525,0.442622951,0.147540984,0.459016393,0.360655738
1109,0.196721311,0.37704918,0.459016393,0.147540984,0.393442623,0.360655738
1109,0.163934426,0.360655738,0.459016393,0.196721311,0.06557377,0.344262295
1109,0.163934426,0.245901639,0.491803279,0.393442623,0.06557377,0.37704918
1109,0.262295082,0.245901639,0.409836066,0.426229508,0.393442623,0.37704918
1109,0.327868852,0.393442623,0.409836066,0.327868852,0.426229508,0.459016393
1109,0.131147541,0.393442623,0.426229508,0.344262295,0.409836066,0.475409836
1109,0.131147541,0.196721311,0.409836066,0.360655738,0.393442623,0.475409836
1109,0.131147541,0.393442623,0.344262295,0.295081967,0.245901639,0.459016393
1109,0.213114754,0.327868852,0.344262295,0.344262295,0.327868852,0.344262295
1109,0.196721311,0.081967213,0.344262295,0.344262295,0.442622951,0.344262295
1109,0.229508197,0.37704918,0.31147541,0.442622951,0.344262295,0.409836066
1109,0.229508197,0.37704918,0.31147541,0.442622951,0.344262295,0.262295082
1109,0.229508197,0.360655738,0.393442623,0.442622951,0.196721311,0.229508197
1109,0.229508197,0.360655738,0.491803279,0.442622951,0.393442623,0.393442623
1109,0.229508197,0.360655738,0.491803279,0.442622951,0.31147541,0.442622951
1109,0.327868852,0.37704918,0.37704918,0,0.31147541,0.327868852
1109,0.327868852,0.37704918,0.442622951,0,0.393442623,0.327868852
1109,0.327868852,0.37704918,0.442622951,0.393442623,0.393442623,0.442622951
1109,0.327868852,0.426229508,0.442622951,0.180327869,0.360655738,0.426229508
1109,0.327868852,0.229508197,0.442622951,0.31147541,0.327868852,0.459016393
111,0.327868852,0.573770492,0.442622951,0.31147541,0.245901639,0.360655738
111,0.327868852,0.573770492,0.360655738,0.31147541,0.393442623,0.245901639
111,0.327868852,0.475409836,0.31147541,0.491803279,0.37704918,0.475409836
111,0.327868852,0.475409836,0.31147541,0.491803279,0.360655738,0.426229508
111,0.327868852,0.508196721,0.114754098,0.540983607,0.360655738,0.295081967
111,0.131147541,0.491803279,0.360655738,0.459016393,0.360655738,0.344262295
111,0.37704918,0.360655738,0.327868852,0.459016393,0.344262295,0.442622951
111,0.196721311,0.491803279,0.327868852,0.524590164,0.262295082,0.344262295
111,0.278688525,0.491803279,0.426229508,0.524590164,0.426229508,0.344262295
111,0.31147541,0.491803279,0.344262295,0.426229508,0.426229508,0.393442623
111,0.098360656,0.491803279,0.327868852,0.426229508,0.426229508,0.393442623
111,0.327868852,0.360655738,0.229508197,0.442622951,0.393442623,0.393442623
111,0.295081967,0.360655738,0.213114754,0.442622951,0.37704918,0.213114754
111,0.262295082,0.360655738,0.278688525,0.327868852,0.327868852,0.360655738
111,0.213114754,0.31147541,0.278688525,0.442622951,0.426229508,0.37704918
111,0.31147541,0.524590164,0.278688525,0.459016393,0.426229508,0.213114754
111,0.31147541,0.344262295,0.278688525,0.360655738,0.426229508,0.344262295
111,0.31147541,0.491803279,0.262295082,0.426229508,0.295081967,0.459016393
111,0.31147541,0.508196721,0.262295082,0.426229508,0.344262295,0.459016393
111,0.31147541,0.327868852,0.262295082,0.442622951,0.344262295,0.360655738
111,0.31147541,0.327868852,0.262295082,0.442622951,0.344262295,0.393442623
111,0.31147541,0.327868852,0.295081967,0.442622951,0.327868852,0.393442623
111,0.327868852,0.442622951,0.278688525,0.491803279,0.426229508,0.409836066
111,0.327868852,0.442622951,0.295081967,0.426229508,0.426229508,0.409836066
111,0.163934426,0.295081967,0.295081967,0.426229508,0.31147541,0.344262295
1110,0.393442623,0.327868852,0.295081967,0.31147541,0.639344262,0.639344262
1110,0.37704918,0.327868852,0.295081967,0.31147541,0.31147541,0.639344262
1110,0.37704918,0.459016393,0.491803279,0.31147541,0.442622951,0.639344262
1110,0.278688525,0.459016393,0.491803279,0.491803279,0.508196721,0.393442623
1110,0.344262295,0.393442623,0.655737705,0.524590164,0.344262295,0.524590164
1110,0.344262295,0.442622951,0.475409836,0.524590164,0.344262295,0.524590164
1110,0.278688525,0.442622951,0.475409836,0.442622951,0.344262295,0.442622951
1110,0.278688525,0.442622951,0.475409836,0.426229508,0.557377049,0.442622951
1110,0.245901639,0.557377049,0.540983607,0.475409836,0.557377049,0.672131148
1110,0.245901639,0.459016393,0.540983607,0.557377049,0.409836066,0.540983607
1110,0.245901639,0.426229508,0.540983607,0.557377049,0.409836066,0.540983607
1110,0.426229508,0.426229508,0.540983607,0.540983607,0.590163934,0.557377049
1110,0.262295082,0.442622951,0.540983607,0.557377049,0.491803279,0.524590164
1110,0.262295082,0.442622951,0.426229508,0.491803279,0.491803279,0.442622951
1110,0.262295082,0.442622951,0.524590164,0.491803279,0.573770492,0.540983607
1110,0.278688525,0.442622951,0.524590164,0.491803279,0.245901639,0.606557377
1110,0.295081967,0.459016393,0.327868852,0.475409836,0.590163934,0.62295082
1110,0.426229508,0.459016393,0.327868852,0.573770492,0.573770492,0.360655738
1110,0.31147541,0.426229508,0.639344262,0.459016393,0.360655738,0.540983607
1110,0.31147541,0.426229508,0.459016393,0.459016393,0.360655738,0.147540984
1110,0.31147541,0.278688525,0.459016393,0.459016393,0.524590164,0.590163934
1110,0.409836066,0.459016393,0.590163934,0.459016393,0.540983607,0.590163934
1110,0.37704918,0.459016393,0.590163934,0.459016393,0.540983607,0.590163934
1110,0.37704918,0.459016393,0.409836066,0.393442623,0.540983607,0.590163934
1110,0.37704918,0.409836066,0.68852459,0.459016393,0.229508197,0.409836066
1111,0.426229508,0.327868852,0.393442623,0.524590164,0.524590164,0.557377049
1111,0.459016393,0.442622951,0.393442623,0.442622951,0.590163934,0.508196721
1111,0.409836066,0.524590164,0.393442623,0.442622951,0.459016393,0.459016393
1111,0.229508197,0.459016393,0.393442623,0.459016393,0.524590164,0.540983607
1111,0.442622951,0.540983607,0.459016393,0.459016393,0.540983607,0.655737705
1111,0.459016393,0.540983607,0.180327869,0.557377049,0.540983607,0.655737705
1111,0.459016393,0.557377049,0.344262295,0.37704918,0.540983607,0.655737705
1111,0.459016393,0.524590164,0.426229508,0.475409836,0.557377049,0.557377049
1111,0.278688525,0.524590164,0.37704918,0.475409836,0.508196721,0.639344262
1111,0.245901639,0.491803279,0.393442623,0.491803279,0.508196721,0.426229508
1111,0.245901639,0.442622951,0.426229508,0.491803279,0.508196721,0.442622951
1111,0.508196721,0.590163934,0.409836066,0.491803279,0.327868852,0.524590164
1111,0.508196721,0.590163934,0.229508197,0.409836066,0.524590164,0.524590164
1111,0.393442623,0.590163934,0.573770492,0.508196721,0.360655738,0.524590164
1111,0.442622951,0.590163934,0.426229508,0.426229508,0.426229508,0.557377049
1111,0.442622951,0.590163934,0.426229508,0.475409836,0.491803279,0.606557377
1111,0.442622951,0.245901639,0.327868852,0.37704918,0.491803279,0.524590164
1111,0.442622951,0.245901639,0.524590164,0.409836066,0.491803279,0.573770492
1111,0.442622951,0.459016393,0.524590164,0.524590164,0.491803279,0.573770492
1111,0.442622951,0.540983607,0.262295082,0.459016393,0.491803279,0.508196721
1111,0.442622951,0.524590164,0.393442623,0.491803279,0.557377049,0.573770492
1111,0.459016393,0.524590164,0.360655738,0.442622951,0.557377049,0.655737705
1111,0.475409836,0.524590164,0.360655738,0.442622951,0.442622951,0.590163934
1111,0.278688525,0.393442623,0.360655738,0.508196721,0.491803279,0.68852459
201,0.836065574,0.68852459,0.754098361,0.704918033,0.606557377,0.524590164
201,0.836065574,0.508196721,0.295081967,0.540983607,0.295081967,0.180327869
201,0.672131148,0.508196721,0.442622951,0.540983607,0.245901639,0.344262295
201,0.573770492,0.508196721,0.442622951,0.409836066,0.295081967,0.31147541
201,0.573770492,0.459016393,0.344262295,0.409836066,0.37704918,0.524590164
201,0.573770492,0.573770492,0.426229508,0.31147541,0.37704918,0.245901639
201,0.573770492,0.491803279,0.442622951,0.37704918,0.37704918,0.098360656
201,0.573770492,0.491803279,0.442622951,0.442622951,0.37704918,0.098360656
201,0.196721311,0.540983607,0.459016393,0.442622951,0.37704918,0.196721311
201,0.62295082,0.573770492,0.360655738,0.344262295,0.327868852,0.114754098
201,0.68852459,0.508196721,0.524590164,0.344262295,0.360655738,0.163934426
201,0.557377049,0.508196721,0.524590164,0.344262295,0.360655738,0.163934426
201,0.573770492,0.508196721,0.459016393,0.426229508,0.360655738,0.163934426
201,0.573770492,0.459016393,0.475409836,0.229508197,0.393442623,0.06557377
201,0.573770492,0.459016393,0.360655738,0.557377049,0.278688525,0.229508197
201,0.573770492,0.524590164,0.393442623,0.508196721,0.31147541,0.229508197
201,0.573770492,0.524590164,0.475409836,0.426229508,0.459016393,0.081967213
201,0.540983607,0.524590164,0.475409836,0.426229508,0.459016393,0.081967213
201,0.508196721,0.508196721,0.459016393,0.540983607,0.327868852,0.081967213
201,0.508196721,0.262295082,0.475409836,0.508196721,0.327868852,0.213114754
201,0.655737705,0.442622951,0.475409836,0.459016393,0.327868852,0.213114754
201,0.540983607,0.459016393,0.475409836,0.459016393,0.31147541,0.262295082
201,0.524590164,0.459016393,0.475409836,0.540983607,0.295081967,0.245901639
201,0.655737705,0.508196721,0.475409836,0.442622951,0.393442623,0.245901639
201,0.524590164,0.360655738,0.459016393,0.557377049,0.295081967,0.245901639
211,0.327868852,0.639344262,0.459016393,0.754098361,0.524590164,0.606557377
211,0.360655738,0.639344262,0.459016393,0.639344262,0.295081967,0.344262295
211,0.393442623,0.540983607,0.557377049,0.721311475,0.508196721,0.344262295
211,0.475409836,0.540983607,0.278688525,0.606557377,0.508196721,0.639344262
211,0.37704918,0.540983607,0.278688525,0.62295082,0.524590164,0.639344262
211,0.37704918,0.491803279,0.278688525,0.704918033,0.68852459,0.409836066
211,0.37704918,0.672131148,0.573770492,0.704918033,0.426229508,0.639344262
211,0.37704918,0.672131148,0.573770492,0.721311475,0.426229508,0.639344262
211,0.409836066,0.672131148,0.37704918,0.590163934,0.508196721,0.639344262
211,0.475409836,0.442622951,0.37704918,0.655737705,0.639344262,0.524590164
211,0.524590164,0.62295082,0.524590164,0.655737705,0.426229508,0.491803279
211,0.540983607,0.62295082,0.426229508,0.68852459,0.524590164,0.62295082
211,0.459016393,0.524590164,0.426229508,0.327868852,0.655737705,0.540983607
211,0.459016393,0.524590164,0.524590164,0.62295082,0.655737705,0.459016393
211,0.459016393,0.491803279,0.524590164,0.704918033,0.393442623,0.573770492
211,0.459016393,0.639344262,0.491803279,0.524590164,0.393442623,0.524590164
211,0.557377049,0.639344262,0.491803279,0.639344262,0.655737705,0.524590164
211,0.557377049,0.508196721,0.491803279,0.639344262,0.426229508,0.262295082
211,0.557377049,0.639344262,0.491803279,0.639344262,0.426229508,0.524590164
211,0.557377049,0.524590164,0.491803279,0.639344262,0.426229508,0.393442623
211,0.475409836,0.540983607,0.491803279,0.62295082,0.344262295,0.393442623
211,0.475409836,0.62295082,0.540983607,0.590163934,0.344262295,0.393442623
211,0.491803279,0.62295082,0.393442623,0.573770492,0.344262295,0.524590164
211,0.491803279,0.393442623,0.475409836,0.639344262,0.639344262,0.590163934
211,0.491803279,0.68852459,0.557377049,0.639344262,0.639344262,0.360655738
301,0.803278689,0.540983607,0.721311475,0.639344262,0.590163934,0.491803279
301,0.524590164,0.540983607,0.721311475,0.639344262,0.459016393,0.491803279
301,0.524590164,0.540983607,0.409836066,0.639344262,0.459016393,0.213114754
301,0.557377049,0.393442623,0.442622951,0.31147541,0.475409836,0.213114754
301,0.524590164,0.459016393,0.524590164,0.31147541,0.344262295,0.278688525
301,0.655737705,0.459016393,0.524590164,0.31147541,0.475409836,0.295081967
301,0.557377049,0.393442623,0.508196721,0.278688525,0.409836066,0.426229508
301,0.557377049,0.475409836,0.491803279,0.278688525,0.409836066,0.327868852
301,0.557377049,0.491803279,0.540983607,0.393442623,0.475409836,0.327868852
301,0.590163934,0.491803279,0.573770492,0.262295082,0.475409836,0.295081967
301,0.573770492,0.524590164,0.459016393,0.327868852,0.393442623,0.360655738
301,0.62295082,0.426229508,0.491803279,0.229508197,0.442622951,0.31147541
301,0.524590164,0.393442623,0.557377049,0.245901639,0.393442623,0.327868852
301,0.524590164,0.393442623,0.459016393,0.442622951,0.409836066,0.360655738
301,0.590163934,0.508196721,0.459016393,0.360655738,0.459016393,0.360655738
301,0.68852459,0.442622951,0.590163934,0.31147541,0.37704918,0.31147541
301,0.590163934,0.426229508,0.573770492,0.327868852,0.459016393,0.31147541
301,0.62295082,0.459016393,0.393442623,0.327868852,0.459016393,0.31147541
301,0.62295082,0.459016393,0.508196721,0.295081967,0.459016393,0.327868852
301,0.508196721,0.426229508,0.573770492,0.409836066,0.491803279,0.344262295
301,0.508196721,0.491803279,0.524590164,0.229508197,0.213114754,0.278688525
301,0.655737705,0.459016393,0.557377049,0.229508197,0.426229508,0.213114754
301,0.573770492,0.409836066,0.606557377,0.327868852,0.475409836,0.327868852
301,0.606557377,0.37704918,0.491803279,0.344262295,0.344262295,0.327868852
311,0.262295082,0.62295082,0.37704918,0.655737705,0.426229508,0.68852459
311,0.344262295,0.442622951,0.344262295,0.655737705,0.295081967,0.68852459
311,0.229508197,0.37704918,0.31147541,0.655737705,0.229508197,0.442622951
311,0.229508197,0.37704918,0.31147541,0.524590164,0.327868852,0.459016393
311,0.196721311,0.459016393,0.426229508,0.295081967,0.31147541,0.393442623
311,0.262295082,0.393442623,0.31147541,0.459016393,0.295081967,0.426229508
311,0.360655738,0.475409836,0.344262295,0.508196721,0.37704918,0.442622951
311,0.360655738,0.475409836,0.393442623,0.360655738,0.31147541,0.393442623
311,0.327868852,0.393442623,0.393442623,0.393442623,0.31147541,0.393442623
311,0.327868852,0.409836066,0.295081967,0.459016393,0.31147541,0.344262295
311,0.442622951,0.409836066,0.426229508,0.442622951,0.31147541,0.393442623
311,0.278688525,0.426229508,0.131147541,0.475409836,0.327868852,0.393442623
311,0.31147541,0.508196721,0.131147541,0.37704918,0.327868852,0.278688525
311,0.393442623,0.475409836,0.262295082,0.37704918,0.327868852,0.459016393
311,0.196721311,0.393442623,0.278688525,0.344262295,0.327868852,0.393442623
311,0.081967213,0.524590164,0.393442623,0.459016393,0.344262295,0.393442623
311,0.081967213,0.37704918,0.31147541,0.426229508,0.344262295,0.491803279
311,0.295081967,0.37704918,0.31147541,0.327868852,0.344262295,0.327868852
311,0.295081967,0.360655738,0.426229508,0.327868852,0.344262295,0.327868852
311,0.327868852,0.37704918,0.327868852,0.409836066,0.295081967,0.475409836
311,0.295081967,0.459016393,0.081967213,0.409836066,0.344262295,0.360655738
311,0.37704918,0.426229508,0.081967213,0.459016393,0.426229508,0.409836066
311,0.37704918,0.409836066,0.590163934,0.442622951,0.557377049,0.655737705
311,0.31147541,0.360655738,0.327868852,0.491803279,0.229508197,0.459016393
401,0.491803279,0.606557377,0.836065574,0.754098361,0.557377049,0.508196721
401,0.491803279,0.606557377,0.836065574,0.754098361,0.557377049,0.557377049
401,0.491803279,0.573770492,0.508196721,0.786885246,0.409836066,0.196721311
401,0.409836066,0.442622951,0.508196721,0.459016393,0.37704918,0.196721311
401,0.360655738,0.442622951,0.442622951,0.459016393,0.442622951,0.196721311
401,0.491803279,0.442622951,0.62295082,0.459016393,0.508196721,0.360655738
401,0.426229508,0.426229508,0.459016393,0.459016393,0.508196721,0.360655738
401,0.409836066,0.262295082,0.393442623,0.459016393,0.393442623,0.262295082
401,0.409836066,0.098360656,0.557377049,0.557377049,0.475409836,0.262295082
401,0.409836066,0.37704918,0.393442623,0.426229508,0.459016393,0.262295082
401,0.475409836,0.393442623,0.37704918,0.524590164,0.442622951,0.262295082
401,0.426229508,0.360655738,0.524590164,0.508196721,0.442622951,0.31147541
401,0.426229508,0.442622951,0.524590164,0.491803279,0.442622951,0.295081967
401,0.459016393,0.360655738,0.442622951,0.491803279,0.459016393,0.360655738
401,0.344262295,0.278688525,0.442622951,0.524590164,0.459016393,0.262295082
401,0.344262295,0.278688525,0.524590164,0.491803279,0.426229508,0.31147541
401,0.344262295,0.278688525,0.524590164,0.491803279,0.524590164,0.31147541
401,0.344262295,0.278688525,0.262295082,0.491803279,0.524590164,0.31147541
401,0.344262295,0.278688525,0.262295082,0.491803279,0.524590164,0.31147541
401,0.459016393,0.37704918,0.557377049,0.557377049,0.475409836,0.360655738
401,0.426229508,0.360655738,0.557377049,0.540983607,0.442622951,0.360655738
401,0.37704918,0.360655738,0.557377049,0.459016393,0.442622951,0.393442623
401,0.491803279,0.426229508,0.557377049,0.557377049,0.459016393,0.262295082
401,0.491803279,0.426229508,0.573770492,0.491803279,0.459016393,0.245901639
401,0.491803279,0.393442623,0.491803279,0.491803279,0.508196721,0.393442623
401,0.491803279,0.393442623,0.491803279,0.540983607,0.459016393,0.393442623
401,0.491803279,0.37704918,0.491803279,0.540983607,0.459016393,0.37704918
411,0.213114754,0.540983607,0.459016393,0.770491803,0.229508197,0.573770492
411,0.213114754,0.409836066,0.393442623,0.770491803,0.229508197,0.573770492
411,0.262295082,0.360655738,0.344262295,0.344262295,0.229508197,0.393442623
411,0.213114754,0.229508197,0.163934426,0.360655738,0.229508197,0.393442623
411,0.213114754,0.229508197,0.295081967,0.459016393,0.245901639,0.327868852
411,0.213114754,0.31147541,0.393442623,0.426229508,0.278688525,0.360655738
411,0.131147541,0.31147541,0.245901639,0.508196721,0.278688525,0.327868852
411,0.131147541,0.229508197,0.163934426,0.360655738,0.278688525,0.245901639
411,0.131147541,0.278688525,0.163934426,0.409836066,0.31147541,0.426229508
411,0.163934426,0.393442623,0.163934426,0.508196721,0.278688525,0.360655738
411,0.163934426,0.295081967,0.344262295,0.508196721,0.344262295,0.426229508
411,0.163934426,0.131147541,0.245901639,0.508196721,0.245901639,0.31147541
411,0.163934426,0.31147541,0.245901639,0.327868852,0.213114754,0.196721311
411,0.278688525,0.31147541,0.475409836,0.508196721,0.213114754,0.393442623
411,0.245901639,0.196721311,0.213114754,0.278688525,0.295081967,0.426229508
411,0.245901639,0.31147541,0.213114754,0.344262295,0.295081967,0.245901639
411,0.245901639,0.180327869,0.393442623,0.475409836,0.245901639,0.245901639
411,0.344262295,0.180327869,0.278688525,0.327868852,0.344262295,0.295081967
411,0.295081967,0.278688525,0.278688525,0.327868852,0.229508197,0.295081967
411,0.131147541,0.278688525,0.278688525,0.491803279,0.196721311,0.393442623
411,0.245901639,0.180327869,0.278688525,0.459016393,0.295081967,0.409836066
411,0.295081967,0.131147541,0.31147541,0.459016393,0.360655738,0.163934426
411,0.262295082,0.131147541,0.262295082,0.31147541,0.295081967,0.213114754
411,0.278688525,0.245901639,0.360655738,0.524590164,0.262295082,0.344262295
501,0.491803279,0.672131148,0.852459016,0.590163934,0.491803279,0.590163934
501,0.540983607,0.393442623,0.852459016,0.590163934,0.770491803,0.590163934
501,0.393442623,0.459016393,0.852459016,0.590163934,0.770491803,0.442622951
501,0.475409836,0.491803279,0.491803279,0.524590164,0.770491803,0.442622951
501,0.426229508,0.426229508,0.524590164,0.442622951,0.491803279,0.393442623
501,0.426229508,0.426229508,0.524590164,0.590163934,0.524590164,0.262295082
501,0.491803279,0.475409836,0.524590164,0.590163934,0.508196721,0.442622951
501,0.409836066,0.409836066,0.459016393,0.524590164,0.491803279,0.37704918
501,0.409836066,0.393442623,0.459016393,0.475409836,0.524590164,0.229508197
501,0.409836066,0.393442623,0.327868852,0.540983607,0.524590164,0.442622951
501,0.409836066,0.393442623,0.475409836,0.540983607,0.524590164,0.37704918
501,0.409836066,0.442622951,0.475409836,0.524590164,0.540983607,0.491803279
501,0.409836066,0.393442623,0.393442623,0.508196721,0.540983607,0.491803279
501,0.491803279,0.393442623,0.459016393,0.508196721,0.540983607,0.409836066
501,0.491803279,0.442622951,0.459016393,0.491803279,0.540983607,0.409836066
501,0.459016393,0.393442623,0.540983607,0.459016393,0.540983607,0.426229508
501,0.459016393,0.393442623,0.442622951,0.491803279,0.540983607,0.295081967
501,0.475409836,0.442622951,0.524590164,0.409836066,0.508196721,0.442622951
501,0.442622951,0.475409836,0.31147541,0.508196721,0.37704918,0.393442623
501,0.442622951,0.360655738,0.524590164,0.491803279,0.37704918,0.344262295
501,0.442622951,0.37704918,0.524590164,0.491803279,0.475409836,0.393442623
501,0.459016393,0.37704918,0.459016393,0.459016393,0.475409836,0.393442623
501,0.442622951,0.393442623,0.491803279,0.37704918,0.37704918,0.459016393
501,0.442622951,0.393442623,0.491803279,0.393442623,0.508196721,0.262295082
501,0.442622951,0.475409836,0.393442623,0.475409836,0.475409836,0.262295082
511,0.393442623,0.508196721,0.344262295,0.459016393,0.491803279,0.491803279
511,0.508196721,0.491803279,0.508196721,0.655737705,0.491803279,0.475409836
511,0.360655738,0.442622951,0.508196721,0.557377049,0.442622951,0.639344262
511,0.360655738,0.442622951,0.426229508,0.639344262,0.360655738,0.327868852
511,0.426229508,0.590163934,0.426229508,0.672131148,0.508196721,0.639344262
511,0.426229508,0.540983607,0.344262295,0.426229508,0.508196721,0.639344262
511,0.426229508,0.573770492,0.475409836,0.557377049,0.508196721,0.62295082
511,0.393442623,0.573770492,0.475409836,0.639344262,0.508196721,0.704918033
511,0.426229508,0.491803279,0.31147541,0.639344262,0.508196721,0.704918033
511,0.524590164,0.540983607,0.540983607,0.62295082,0.508196721,0.590163934
511,0.278688525,0.524590164,0.540983607,0.590163934,0.508196721,0.590163934
511,0.475409836,0.459016393,0.540983607,0.639344262,0.459016393,0.704918033
511,0.37704918,0.491803279,0.327868852,0.573770492,0.524590164,0.62295082
511,0.491803279,0.491803279,0.393442623,0.655737705,0.393442623,0.606557377
511,0.426229508,0.557377049,0.393442623,0.68852459,0.426229508,0.508196721
511,0.491803279,0.557377049,0.278688525,0.573770492,0.557377049,0.508196721
511,0.491803279,0.557377049,0.393442623,0.557377049,0.409836066,0.62295082
511,0.491803279,0.426229508,0.524590164,0.557377049,0.409836066,0.672131148
511,0.491803279,0.442622951,0.393442623,0.557377049,0.409836066,0.68852459
511,0.360655738,0.360655738,0.196721311,0.672131148,0.409836066,0.639344262
511,0.459016393,0.573770492,0.196721311,0.557377049,0.409836066,0.721311475
511,0.459016393,0.475409836,0.540983607,0.557377049,0.524590164,0.721311475
511,0.459016393,0.475409836,0.327868852,0.557377049,0.524590164,0.721311475
511,0.475409836,0.475409836,0.327868852,0.557377049,0.37704918,0.606557377
601,0.442622951,0.327868852,0.819672131,0.459016393,0.606557377,0.459016393
601,0.557377049,0.196721311,0.557377049,0.524590164,0.475409836,0.327868852
601,0.508196721,0.31147541,0.360655738,0.393442623,0.508196721,0.442622951
601,0.508196721,0.278688525,0.524590164,0.459016393,0.409836066,0.295081967
601,0.508196721,0.409836066,0.524590164,0.540983607,0.459016393,0.295081967
601,0.508196721,0.295081967,0.344262295,0.475409836,0.442622951,0.344262295
601,0.393442623,0.295081967,0.737704918,0.475409836,0.524590164,0.508196721
601,0.344262295,0.327868852,0.606557377,0.557377049,0.491803279,0.475409836
601,0.459016393,0.327868852,0.524590164,0.557377049,0.442622951,0.426229508
601,0.524590164,0.262295082,0.68852459,0.442622951,0.540983607,0.393442623
601,0.524590164,0.37704918,0.475409836,0.557377049,0.540983607,0.393442623
601,0.524590164,0.37704918,0.475409836,0.557377049,0.540983607,0.409836066
601,0.524590164,0.37704918,0.639344262,0.62295082,0.459016393,0.409836066
601,0.524590164,0.393442623,0.639344262,0.62295082,0.459016393,0.409836066
601,0.37704918,0.393442623,0.639344262,0.62295082,0.37704918,0.409836066
601,0.37704918,0.393442623,0.62295082,0.62295082,0.37704918,0.409836066
601,0.37704918,0.31147541,0.62295082,0.606557377,0.37704918,0.409836066
601,0.508196721,0.31147541,0.62295082,0.491803279,0.508196721,0.409836066
601,0.508196721,0.31147541,0.62295082,0.491803279,0.393442623,0.409836066
601,0.508196721,0.31147541,0.327868852,0.491803279,0.393442623,0.327868852
601,0.278688525,0.360655738,0.606557377,0.491803279,0.393442623,0.327868852
601,0.360655738,0.426229508,0.590163934,0.491803279,0.278688525,0.393442623
601,0.508196721,0.327868852,0.557377049,0.491803279,0.442622951,0.37704918
601,0.360655738,0.327868852,0.639344262,0.573770492,0.360655738,0.37704918
601,0.360655738,0.442622951,0.639344262,0.573770492,0.327868852,0.37704918
601,0.508196721,0.37704918,0.639344262,0.524590164,0.426229508,0.262295082
601,0.508196721,0.229508197,0.459016393,0.590163934,0.393442623,0.393442623
601,0.508196721,0.459016393,0.524590164,0.606557377,0.393442623,0.262295082
601,0.426229508,0.459016393,0.62295082,0.606557377,0.459016393,0.262295082
601,0.508196721,0.360655738,0.62295082,0.524590164,0.459016393,0.262295082
602,0.524590164,0.590163934,0.885245902,0.557377049,0.606557377,0.573770492
602,0.639344262,0.606557377,0.885245902,0.573770492,0.606557377,0.655737705
602,0.606557377,0.639344262,0.852459016,0.524590164,0.655737705,0.573770492
602,0.62295082,0.62295082,0.918032787,0.737704918,0.590163934,0.573770492
602,0.459016393,0.459016393,0.508196721,0.524590164,0.508196721,0.524590164
602,0.459016393,0.491803279,0.606557377,0.491803279,0.360655738,0.393442623
602,0.327868852,0.409836066,0.557377049,0.524590164,0.524590164,0.409836066
602,0.344262295,0.459016393,0.573770492,0.524590164,0.524590164,0.557377049
602,0.475409836,0.491803279,0.393442623,0.491803279,0.524590164,0.31147541
602,0.442622951,0.426229508,0.393442623,0.491803279,0.540983607,0.31147541
602,0.426229508,0.442622951,0.393442623,0.508196721,0.540983607,0.557377049
602,0.442622951,0.459016393,0.393442623,0.508196721,0.508196721,0.442622951
602,0.459016393,0.360655738,0.606557377,0.508196721,0.442622951,0.491803279
602,0.459016393,0.360655738,0.459016393,0.508196721,0.524590164,0.393442623
602,0.459016393,0.491803279,0.459016393,0.508196721,0.508196721,0.459016393
602,0.459016393,0.393442623,0.606557377,0.524590164,0.508196721,0.590163934
602,0.459016393,0.442622951,0.606557377,0.491803279,0.540983607,0.491803279
602,0.459016393,0.442622951,0.672131148,0.590163934,0.491803279,0.37704918
602,0.426229508,0.442622951,0.672131148,0.590163934,0.590163934,0.62295082
602,0.344262295,0.475409836,0.770491803,0.540983607,0.590163934,0.62295082
602,0.606557377,0.442622951,0.819672131,0.590163934,0.590163934,0.491803279
602,0.459016393,0.557377049,0.819672131,0.590163934,0.606557377,0.524590164
602,0.524590164,0.557377049,0.836065574,0.590163934,0.573770492,0.721311475
602,0.475409836,0.557377049,0.852459016,0.557377049,0.639344262,0.606557377
602,0.475409836,0.508196721,0.852459016,0.606557377,0.639344262,0.573770492
603,0.557377049,0.540983607,0.852459016,0.737704918,0.655737705,0.393442623
603,0.31147541,0.393442623,0.524590164,0.360655738,0.524590164,0.426229508
603,0.491803279,0.37704918,0.426229508,0.540983607,0.540983607,0.393442623
603,0.327868852,0.409836066,0.557377049,0.426229508,0.557377049,0.393442623
603,0.327868852,0.360655738,0.557377049,0.459016393,0.442622951,0.37704918
603,0.327868852,0.344262295,0.590163934,0.459016393,0.540983607,0.393442623
603,0.262295082,0.344262295,0.62295082,0.459016393,0.590163934,0.459016393
603,0.508196721,0.491803279,0.62295082,0.639344262,0.672131148,0.459016393
603,0.590163934,0.491803279,0.754098361,0.672131148,0.639344262,0.442622951
603,0.459016393,0.491803279,0.672131148,0.68852459,0.672131148,0.442622951
603,0.475409836,0.37704918,0.836065574,0.68852459,0.672131148,0.540983607
603,0.62295082,0.37704918,0.62295082,0.68852459,0.655737705,0.508196721
603,0.590163934,0.491803279,0.62295082,0.68852459,0.655737705,0.573770492
603,0.590163934,0.459016393,0.62295082,0.68852459,0.655737705,0.573770492
603,0.426229508,0.459016393,0.62295082,0.68852459,0.721311475,0.557377049
603,0.62295082,0.475409836,0.573770492,0.639344262,0.672131148,0.62295082
603,0.508196721,0.409836066,0.786885246,0.68852459,0.639344262,0.573770492
603,0.524590164,0.524590164,0.754098361,0.68852459,0.704918033,0.573770492
603,0.639344262,0.475409836,0.770491803,0.68852459,0.68852459,0.62295082
603,0.639344262,0.393442623,0.770491803,0.672131148,0.639344262,0.62295082
603,0.491803279,0.393442623,0.655737705,0.754098361,0.639344262,0.62295082
603,0.491803279,0.459016393,0.770491803,0.721311475,0.639344262,0.62295082
603,0.442622951,0.475409836,0.770491803,0.68852459,0.639344262,0.557377049
603,0.62295082,0.475409836,0.491803279,0.606557377,0.672131148,0.62295082
604,0.540983607,0.590163934,0.573770492,0.770491803,0.590163934,0.459016393
604,0.524590164,0.590163934,0.573770492,0.639344262,0.524590164,0.459016393
604,0.573770492,0.590163934,0.573770492,0.639344262,0.508196721,0.459016393
604,0.540983607,0.327868852,0.573770492,0.803278689,0.540983607,0.475409836
604,0.491803279,0.557377049,0.606557377,0.721311475,0.655737705,0.459016393
604,0.590163934,0.639344262,0.606557377,0.704918033,0.606557377,0.459016393
604,0.590163934,0.639344262,0.852459016,0.704918033,0.606557377,0.295081967
604,0.213114754,0.459016393,0.68852459,0.836065574,0.540983607,0.540983607
604,0.213114754,0.491803279,0.786885246,0.754098361,0.540983607,0.459016393
604,0.213114754,0.590163934,0.868852459,0.721311475,0.540983607,0.459016393
604,0.213114754,0.573770492,0.68852459,0.819672131,0.590163934,0.590163934
604,0.213114754,0.508196721,0.852459016,0.737704918,0.62295082,0.491803279
604,0.213114754,0.704918033,0.852459016,0.655737705,0.672131148,0.62295082
604,0.573770492,0.606557377,0.868852459,0.655737705,0.573770492,0.491803279
604,0.409836066,0.131147541,0.819672131,0.721311475,0.573770492,0.491803279
604,0.540983607,0.508196721,0.868852459,0.786885246,0.62295082,0.639344262
604,0.557377049,0.540983607,0.868852459,0.786885246,0.672131148,0.639344262
604,0.557377049,0.540983607,0.68852459,0.786885246,0.606557377,0.524590164
604,0.557377049,0.540983607,0.803278689,0.786885246,0.590163934,0.475409836
604,0.573770492,0.540983607,0.852459016,0.68852459,0.68852459,0.639344262
604,0.590163934,0.540983607,0.68852459,0.737704918,0.68852459,0.524590164
604,0.442622951,0.540983607,0.68852459,0.836065574,0.590163934,0.475409836
604,0.590163934,0.426229508,0.68852459,0.836065574,0.68852459,0.590163934
604,0.590163934,0.573770492,0.68852459,0.737704918,0.68852459,0.524590164
604,0.426229508,0.573770492,0.836065574,0.819672131,0.68852459,0.508196721
605,0.245901639,0.590163934,0.68852459,0.852459016,0.721311475,0.573770492
605,0.475409836,0.655737705,0.68852459,0.344262295,0.491803279,0.573770492
605,0.62295082,0.655737705,0.68852459,0.344262295,0.672131148,0.573770492
605,0.491803279,0.655737705,0.524590164,0.344262295,0.672131148,0.62295082
605,0.639344262,0.426229508,0.573770492,0.770491803,0.573770492,0.606557377
605,0.639344262,0.573770492,0.491803279,0.786885246,0.573770492,0.704918033
605,0.344262295,0.573770492,0.590163934,0.770491803,0.573770492,0.704918033
605,0.459016393,0.573770492,0.540983607,0.770491803,0.573770492,0.62295082
605,0.606557377,0.508196721,0.590163934,0.68852459,0.557377049,0.721311475
605,0.606557377,0.606557377,0.573770492,0.770491803,0.655737705,0.672131148
605,0.606557377,0.491803279,0.573770492,0.754098361,0.655737705,0.606557377
605,0.606557377,0.459016393,0.655737705,0.672131148,0.557377049,0.721311475
605,0.606557377,0.459016393,0.442622951,0.672131148,0.557377049,0.672131148
605,0.606557377,0.475409836,0.573770492,0.786885246,0.655737705,0.62295082
605,0.590163934,0.573770492,0.606557377,0.803278689,0.590163934,0.62295082
605,0.606557377,0.508196721,0.62295082,0.836065574,0.590163934,0.704918033
605,0.475409836,0.508196721,0.62295082,0.836065574,0.639344262,0.672131148
605,0.475409836,0.606557377,0.62295082,0.786885246,0.639344262,0.62295082
605,0.393442623,0.606557377,0.639344262,0.786885246,0.639344262,0.786885246
605,0.606557377,0.442622951,0.524590164,0.704918033,0.540983607,0.704918033
605,0.606557377,0.606557377,0.524590164,0.704918033,0.655737705,0.606557377
605,0.426229508,0.491803279,0.62295082,0.786885246,0.639344262,0.721311475
605,0.606557377,0.426229508,0.344262295,0.672131148,0.639344262,0.721311475
605,0.508196721,0.508196721,0.344262295,0.803278689,0.655737705,0.672131148
606,0.508196721,0.606557377,0.704918033,0.770491803,0.62295082,0.590163934
606,0.508196721,0.557377049,0.62295082,0.721311475,0.360655738,0.590163934
606,0.262295082,0.557377049,0.37704918,0.721311475,0.360655738,0.245901639
606,0.393442623,0.557377049,0.37704918,0.852459016,0.360655738,0.245901639
606,0.393442623,0.62295082,0.37704918,0.786885246,0.360655738,0.573770492
606,0.393442623,0.655737705,0.540983607,0.836065574,0.573770492,0.508196721
606,0.540983607,0.508196721,0.459016393,0.836065574,0.573770492,0.37704918
606,0.508196721,0.540983607,0.68852459,0.819672131,0.606557377,0.590163934
606,0.508196721,0.540983607,0.68852459,0.852459016,0.491803279,0.590163934
606,0.491803279,0.475409836,0.655737705,0.852459016,0.459016393,0.557377049
606,0.573770492,0.672131148,0.491803279,0.852459016,0.540983607,0.557377049
606,0.573770492,0.360655738,0.491803279,0.868852459,0.475409836,0.557377049
606,0.475409836,0.524590164,0.68852459,0.868852459,0.508196721,0.590163934
606,0.606557377,0.655737705,0.360655738,0.868852459,0.508196721,0.409836066
606,0.590163934,0.655737705,0.770491803,0.868852459,0.459016393,0.31147541
606,0.590163934,0.655737705,0.606557377,0.885245902,0.459016393,0.639344262
606,0.491803279,0.573770492,0.475409836,0.868852459,0.459016393,0.639344262
606,0.557377049,0.639344262,0.754098361,0.786885246,0.459016393,0.639344262
606,0.557377049,0.639344262,0.704918033,0.868852459,0.524590164,0.508196721
606,0.557377049,0.540983607,0.475409836,0.868852459,0.278688525,0.508196721
606,0.557377049,0.540983607,0.475409836,0.770491803,0.278688525,0.459016393
606,0.590163934,0.524590164,0.704918033,0.836065574,0.524590164,0.524590164
606,0.590163934,0.524590164,0.704918033,0.836065574,0.540983607,0.639344262
606,0.590163934,0.590163934,0.590163934,0.852459016,0.557377049,0.491803279
606,0.590163934,0.540983607,0.770491803,0.836065574,0.557377049,0.491803279
607,0.540983607,0.68852459,0.672131148,0.803278689,0.639344262,0.442622951
607,0.540983607,0.68852459,0.672131148,0.803278689,0.491803279,0.442622951
607,0.540983607,0.393442623,0.213114754,0.704918033,0.491803279,0.639344262
607,0.37704918,0.37704918,0.213114754,0.590163934,0.393442623,0.393442623
607,0.37704918,0.557377049,0.557377049,0.786885246,0.344262295,0.491803279
607,0.114754098,0.245901639,0.393442623,0.754098361,0.196721311,0.409836066
607,0.295081967,0.426229508,0.426229508,0.754098361,0.393442623,0.393442623
607,0.393442623,0.442622951,0.426229508,0.639344262,0.37704918,0.491803279
607,0.393442623,0.459016393,0.393442623,0.639344262,0.37704918,0.409836066
607,0.245901639,0.459016393,0.426229508,0.704918033,0.393442623,0.360655738
607,0.37704918,0.393442623,0.557377049,0.704918033,0.393442623,0.360655738
607,0.344262295,0.393442623,0.557377049,0.704918033,0.360655738,0.508196721
607,0.278688525,0.393442623,0.426229508,0.704918033,0.393442623,0.344262295
607,0.409836066,0.393442623,0.475409836,0.655737705,0.327868852,0.360655738
607,0.409836066,0.426229508,0.540983607,0.426229508,0.37704918,0.442622951
607,0.409836066,0.360655738,0.393442623,0.540983607,0.37704918,0.360655738
607,0.409836066,0.409836066,0.491803279,0.655737705,0.37704918,0.426229508
607,0.409836066,0.37704918,0.557377049,0.344262295,0.37704918,0.459016393
607,0.31147541,0.475409836,0.557377049,0.557377049,0.37704918,0.360655738
607,0.327868852,0.426229508,0.557377049,0.62295082,0.37704918,0.360655738
607,0.360655738,0.409836066,0.426229508,0.68852459,0.295081967,0.37704918
607,0.344262295,0.426229508,0.524590164,0.606557377,0.295081967,0.37704918
607,0.344262295,0.37704918,0.590163934,0.606557377,0.295081967,0.459016393
607,0.344262295,0.491803279,0.590163934,0.737704918,0.37704918,0.459016393
607,0.31147541,0.442622951,0.557377049,0.639344262,0.426229508,0.459016393
608,0.557377049,0.475409836,0.540983607,0.721311475,0.573770492,0.573770492
608,0.229508197,0.229508197,0.213114754,0.606557377,0.475409836,0.409836066
608,0.229508197,0.344262295,0.278688525,0.606557377,0.442622951,0.459016393
608,0.229508197,0.344262295,0.278688525,0.606557377,0.393442623,0.360655738
608,0.245901639,0.344262295,0.409836066,0.606557377,0.393442623,0.327868852
608,0.37704918,0.295081967,0.409836066,0.606557377,0.409836066,0.31147541
608,0.393442623,0.295081967,0.360655738,0.540983607,0.409836066,0.360655738
608,0.213114754,0.295081967,0.442622951,0.491803279,0.409836066,0.393442623
608,0.31147541,0.31147541,0.37704918,0.459016393,0.393442623,0.295081967
608,0.131147541,0.295081967,0.491803279,0.540983607,0.37704918,0.360655738
608,0.131147541,0.295081967,0.491803279,0.573770492,0.508196721,0.360655738
608,0.245901639,0.213114754,0.393442623,0.557377049,0.459016393,0.360655738
608,0.442622951,0.327868852,0.245901639,0.540983607,0.459016393,0.360655738
608,0.131147541,0.213114754,0.245901639,0.37704918,0.344262295,0.360655738
608,0.131147541,0.327868852,0.524590164,0.37704918,0.344262295,0.327868852
608,0.213114754,0.393442623,0.524590164,0.590163934,0.344262295,0.360655738
608,0.426229508,0.393442623,0.360655738,0.393442623,0.459016393,0.360655738
608,0.196721311,0.31147541,0.37704918,0.459016393,0.459016393,0.31147541
608,0.196721311,0.31147541,0.459016393,0.459016393,0.459016393,0.245901639
608,0.278688525,0.393442623,0.262295082,0.573770492,0.459016393,0.327868852
608,0.459016393,0.180327869,0.262295082,0.442622951,0.262295082,0.344262295
608,0.459016393,0.180327869,0.262295082,0.491803279,0.491803279,0.213114754
608,0.213114754,0.393442623,0.196721311,0.573770492,0.491803279,0.245901639
608,0.459016393,0.147540984,0.196721311,0.475409836,0.475409836,0.409836066
609,0.459016393,0.393442623,0.573770492,0.721311475,0.606557377,0.475409836
609,0.213114754,0.393442623,0.278688525,0.62295082,0.327868852,0.360655738
609,0.213114754,0.262295082,0.278688525,0.409836066,0.327868852,0.360655738
609,0.245901639,0.262295082,0.360655738,0.409836066,0.262295082,0.360655738
609,0.393442623,0.459016393,0.590163934,0.770491803,0.508196721,0.557377049
609,0.393442623,0.573770492,0.573770492,0.770491803,0.491803279,0.590163934
609,0.475409836,0.573770492,0.409836066,0.770491803,0.606557377,0.573770492
609,0.31147541,0.327868852,0.360655738,0.508196721,0.393442623,0.459016393
609,0.295081967,0.37704918,0.426229508,0.655737705,0.37704918,0.459016393
609,0.327868852,0.37704918,0.393442623,0.62295082,0.37704918,0.491803279
609,0.327868852,0.393442623,0.360655738,0.639344262,0.475409836,0.557377049
609,0.327868852,0.360655738,0.360655738,0.655737705,0.360655738,0.557377049
609,0.327868852,0.31147541,0.409836066,0.655737705,0.37704918,0.590163934
609,0.262295082,0.393442623,0.409836066,0.655737705,0.37704918,0.62295082
609,0.459016393,0.37704918,0.459016393,0.68852459,0.37704918,0.590163934
609,0.459016393,0.540983607,0.459016393,0.68852459,0.37704918,0.590163934
609,0.475409836,0.508196721,0.557377049,0.672131148,0.442622951,0.573770492
609,0.393442623,0.508196721,0.524590164,0.672131148,0.557377049,0.62295082
609,0.393442623,0.508196721,0.524590164,0.672131148,0.475409836,0.557377049
609,0.393442623,0.491803279,0.524590164,0.721311475,0.475409836,0.590163934
609,0.426229508,0.508196721,0.590163934,0.721311475,0.540983607,0.590163934
609,0.426229508,0.475409836,0.278688525,0.68852459,0.540983607,0.590163934
609,0.426229508,0.491803279,0.327868852,0.721311475,0.606557377,0.540983607
609,0.360655738,0.37704918,0.557377049,0.68852459,0.606557377,0.508196721
609,0.360655738,0.442622951,0.557377049,0.62295082,0.459016393,0.426229508
609,0.262295082,0.442622951,0.31147541,0.68852459,0.540983607,0.557377049
610,0.278688525,0.639344262,0.344262295,0.573770492,0.360655738,0.557377049
610,0.278688525,0.639344262,0.344262295,0.573770492,0.360655738,0.344262295
610,0.262295082,0.442622951,0.262295082,0.393442623,0.31147541,0.344262295
610,0.262295082,0.163934426,0.262295082,0.393442623,0.475409836,0.426229508
610,0.295081967,0.114754098,0.409836066,0.459016393,0.278688525,0.426229508
610,0.163934426,0.344262295,0.409836066,0.393442623,0.409836066,0.426229508
610,0.163934426,0.229508197,0.196721311,0.540983607,0.409836066,0.426229508
610,0.344262295,0.37704918,0.540983607,0.360655738,0.606557377,0.426229508
610,0.426229508,0.393442623,0.524590164,0.459016393,0.524590164,0.426229508
610,0.459016393,0.540983607,0.459016393,0.68852459,0.475409836,0.426229508
610,0.344262295,0.540983607,0.459016393,0.475409836,0.475409836,0.557377049
610,0.459016393,0.31147541,0.524590164,0.62295082,0.524590164,0.557377049
610,0.393442623,0.557377049,0.508196721,0.655737705,0.491803279,0.540983607
610,0.393442623,0.213114754,0.508196721,0.655737705,0.557377049,0.524590164
610,0.393442623,0.213114754,0.508196721,0.540983607,0.409836066,0.524590164
610,0.393442623,0.557377049,0.344262295,0.672131148,0.459016393,0.524590164
610,0.344262295,0.491803279,0.393442623,0.655737705,0.590163934,0.557377049
610,0.327868852,0.31147541,0.540983607,0.426229508,0.540983607,0.557377049
610,0.393442623,0.409836066,0.540983607,0.540983607,0.459016393,0.524590164
610,0.31147541,0.590163934,0.31147541,0.655737705,0.606557377,0.475409836
610,0.327868852,0.590163934,0.426229508,0.31147541,0.62295082,0.573770492
610,0.327868852,0.393442623,0.426229508,0.540983607,0.524590164,0.508196721
610,0.426229508,0.590163934,0.409836066,0.475409836,0.393442623,0.508196721
610,0.245901639,0.37704918,0.426229508,0.475409836,0.590163934,0.508196721
610,0.245901639,0.442622951,0.409836066,0.475409836,0.557377049,0.508196721
611,0.524590164,0.590163934,0.409836066,0.475409836,0.459016393,0.540983607
611,0.327868852,0.459016393,0.409836066,0.475409836,0.344262295,0.327868852
611,0.327868852,0.459016393,0.409836066,0.475409836,0.442622951,0.327868852
611,0.295081967,0.491803279,0.360655738,0.475409836,0.606557377,0.557377049
611,0.459016393,0.508196721,0.344262295,0.475409836,0.590163934,0.557377049
611,0.459016393,0.213114754,0.426229508,0.442622951,0.590163934,0.442622951
611,0.459016393,0.327868852,0.508196721,0.524590164,0.639344262,0.442622951
611,0.491803279,0.475409836,0.180327869,0.590163934,0.524590164,0.524590164
611,0.491803279,0.475409836,0.442622951,0.344262295,0.62295082,0.491803279
611,0.491803279,0.442622951,0.442622951,0.540983607,0.655737705,0.508196721
611,0.491803279,0.508196721,0.442622951,0.590163934,0.508196721,0.524590164
611,0.393442623,0.508196721,0.393442623,0.508196721,0.62295082,0.524590164
611,0.295081967,0.295081967,0.393442623,0.557377049,0.639344262,0.524590164
611,0.295081967,0.524590164,0.475409836,0.557377049,0.639344262,0.491803279
611,0.295081967,0.475409836,0.295081967,0.557377049,0.573770492,0.491803279
611,0.295081967,0.508196721,0.426229508,0.540983607,0.573770492,0.508196721
611,0.508196721,0.426229508,0.491803279,0.540983607,0.573770492,0.524590164
611,0.508196721,0.524590164,0.491803279,0.573770492,0.606557377,0.557377049
611,0.508196721,0.508196721,0.491803279,0.573770492,0.573770492,0.508196721
611,0.508196721,0.393442623,0.442622951,0.606557377,0.606557377,0.508196721
611,0.508196721,0.524590164,0.442622951,0.606557377,0.606557377,0.557377049
611,0.508196721,0.426229508,0.327868852,0.540983607,0.606557377,0.508196721
611,0.508196721,0.426229508,0.327868852,0.540983607,0.606557377,0.508196721
611,0.508196721,0.426229508,0.459016393,0.540983607,0.426229508,0.508196721
611,0.508196721,0.426229508,0.508196721,0.540983607,0.426229508,0.590163934
701,0.540983607,0.508196721,0.901639344,0.426229508,0.68852459,0.639344262
701,0.540983607,0.508196721,0.901639344,0.655737705,0.68852459,0.639344262
701,0.393442623,0.508196721,0.557377049,0.442622951,0.508196721,0.491803279
701,0.393442623,0.409836066,0.557377049,0.409836066,0.508196721,0.393442623
701,0.442622951,0.393442623,0.606557377,0.409836066,0.327868852,0.508196721
701,0.442622951,0.393442623,0.459016393,0.409836066,0.327868852,0.459016393
701,0.426229508,0.426229508,0.62295082,0.475409836,0.475409836,0.540983607
701,0.508196721,0.426229508,0.672131148,0.475409836,0.459016393,0.442622951
701,0.459016393,0.426229508,0.672131148,0.262295082,0.327868852,0.590163934
701,0.426229508,0.426229508,0.606557377,0.442622951,0.327868852,0.606557377
701,0.508196721,0.426229508,0.606557377,0.442622951,0.557377049,0.590163934
701,0.442622951,0.426229508,0.606557377,0.393442623,0.557377049,0.590163934
701,0.360655738,0.344262295,0.672131148,0.409836066,0.426229508,0.606557377
701,0.360655738,0.393442623,0.426229508,0.442622951,0.426229508,0.606557377
701,0.491803279,0.393442623,0.590163934,0.409836066,0.524590164,0.606557377
701,0.491803279,0.426229508,0.672131148,0.31147541,0.295081967,0.508196721
701,0.393442623,0.426229508,0.524590164,0.442622951,0.31147541,0.590163934
701,0.393442623,0.360655738,0.590163934,0.393442623,0.31147541,0.590163934
701,0.508196721,0.31147541,0.704918033,0.393442623,0.393442623,0.590163934
701,0.508196721,0.393442623,0.68852459,0.426229508,0.37704918,0.590163934
701,0.31147541,0.393442623,0.557377049,0.37704918,0.278688525,0.590163934
701,0.459016393,0.31147541,0.721311475,0.442622951,0.540983607,0.590163934
701,0.524590164,0.31147541,0.721311475,0.442622951,0.37704918,0.475409836
701,0.524590164,0.393442623,0.68852459,0.442622951,0.426229508,0.475409836
701,0.508196721,0.426229508,0.62295082,0.442622951,0.524590164,0.606557377
711,0.098360656,0.131147541,0.262295082,0.409836066,0.06557377,0.37704918
711,0.295081967,0.131147541,0.442622951,0.409836066,0.262295082,0.426229508
711,0.295081967,0.131147541,0.442622951,0.540983607,0.360655738,0.426229508
711,0.262295082,0.131147541,0.442622951,0.295081967,0.31147541,0.426229508
711,0.262295082,0.442622951,0.491803279,0.606557377,0.360655738,0.426229508
711,0.262295082,0.393442623,0.508196721,0.573770492,0.360655738,0.393442623
711,0.262295082,0.393442623,0.442622951,0.590163934,0.278688525,0.393442623
711,0.344262295,0.475409836,0.393442623,0.540983607,0.360655738,0.524590164
711,0.327868852,0.360655738,0.37704918,0.409836066,0.262295082,0.442622951
711,0.295081967,0.37704918,0.475409836,0.508196721,0.114754098,0.442622951
711,0.360655738,0.459016393,0.37704918,0.557377049,0.327868852,0.491803279
711,0.278688525,0.459016393,0.360655738,0.360655738,0.327868852,0.426229508
711,0.278688525,0.393442623,0.459016393,0.360655738,0.213114754,0.344262295
711,0.278688525,0.393442623,0.459016393,0.557377049,0.213114754,0.426229508
711,0.278688525,0.524590164,0.524590164,0.278688525,0.360655738,0.393442623
711,0.360655738,0.524590164,0.262295082,0.278688525,0.360655738,0.327868852
711,0.360655738,0.524590164,0.491803279,0.278688525,0.360655738,0.196721311
711,0.278688525,0.327868852,0.491803279,0.393442623,0.360655738,0.196721311
711,0.327868852,0.459016393,0.245901639,0.37704918,0.393442623,0.426229508
711,0.31147541,0.459016393,0.245901639,0.557377049,0.295081967,0.327868852
711,0.262295082,0.278688525,0.491803279,0.557377049,0.163934426,0.409836066
711,0.262295082,0.459016393,0.491803279,0.344262295,0.360655738,0.360655738
711,0.262295082,0.360655738,0.475409836,0.540983607,0.295081967,0.393442623
711,0.344262295,0.360655738,0.491803279,0.573770492,0.229508197,0.344262295
801,0.459016393,0.508196721,0.819672131,0.672131148,0.68852459,0.606557377
801,0.459016393,0.360655738,0.639344262,0.672131148,0.68852459,0.606557377
801,0.213114754,0.31147541,0.704918033,0.442622951,0.459016393,0.508196721
801,0.426229508,0.31147541,0.590163934,0.442622951,0.327868852,0.540983607
801,0.426229508,0.442622951,0.62295082,0.442622951,0.393442623,0.213114754
801,0.426229508,0.262295082,0.672131148,0.295081967,0.393442623,0.491803279
801,0.31147541,0.229508197,0.606557377,0.491803279,0.475409836,0.491803279
801,0.393442623,0.442622951,0.606557377,0.459016393,0.327868852,0.459016393
801,0.393442623,0.196721311,0.606557377,0.393442623,0.540983607,0.491803279
801,0.393442623,0.344262295,0.655737705,0.393442623,0.540983607,0.37704918
801,0.393442623,0.508196721,0.62295082,0.426229508,0.459016393,0.37704918
801,0.393442623,0.508196721,0.62295082,0.426229508,0.459016393,0.37704918
801,0.393442623,0.081967213,0.62295082,0.426229508,0.459016393,0.540983607
801,0.442622951,0.081967213,0.655737705,0.295081967,0.459016393,0.37704918
801,0.37704918,0.081967213,0.62295082,0.295081967,0.245901639,0.37704918
801,0.37704918,0.081967213,0.639344262,0.475409836,0.245901639,0.590163934
801,0.37704918,0.081967213,0.639344262,0.344262295,0.245901639,0.344262295
801,0.393442623,0.163934426,0.655737705,0.426229508,0.245901639,0.508196721
801,0.393442623,0.37704918,0.606557377,0.426229508,0.426229508,0.508196721
801,0.393442623,0.442622951,0.590163934,0.426229508,0.426229508,0.426229508
801,0.360655738,0.327868852,0.590163934,0.426229508,0.491803279,0.426229508
801,0.442622951,0.327868852,0.590163934,0.426229508,0.540983607,0.442622951
801,0.442622951,0.491803279,0.68852459,0.426229508,0.540983607,0.442622951
801,0.442622951,0.491803279,0.540983607,0.442622951,0.344262295,0.557377049
801,0.393442623,0.37704918,0.672131148,0.344262295,0.524590164,0.508196721
801,0.344262295,0.37704918,0.655737705,0.31147541,0.508196721,0.540983607
811,0.131147541,0.196721311,0.262295082,0.295081967,0.295081967,0.31147541
811,0.131147541,0.196721311,0.262295082,0.295081967,0.37704918,0.31147541
811,0.131147541,0.245901639,0.163934426,0.327868852,0.31147541,0.360655738
811,0.213114754,0.426229508,0.459016393,0.360655738,0.37704918,0.426229508
811,0.213114754,0.344262295,0.393442623,0.442622951,0.442622951,0.327868852
811,0.442622951,0.31147541,0.442622951,0.442622951,0.360655738,0.278688525
811,0.442622951,0.442622951,0.442622951,0.360655738,0.360655738,0.278688525
811,0.147540984,0.409836066,0.37704918,0.360655738,0.344262295,0.278688525
811,0.147540984,0.278688525,0.327868852,0.360655738,0.344262295,0.327868852
811,0.147540984,0.245901639,0.327868852,0.278688525,0.344262295,0.295081967
811,0.147540984,0.426229508,0.327868852,0.360655738,0.295081967,0.327868852
811,0.163934426,0.327868852,0.393442623,0.491803279,0.278688525,0.409836066
811,0.31147541,0.163934426,0.196721311,0.196721311,0.327868852,0.393442623
811,0.196721311,0.442622951,0.442622951,0.213114754,0.295081967,0.393442623
811,0.196721311,0.31147541,0.360655738,0.393442623,0.229508197,0.393442623
811,0.360655738,0.31147541,0.295081967,0.278688525,0.327868852,0.295081967
811,0.360655738,0.393442623,0.426229508,0.278688525,0.229508197,0.295081967
811,0.229508197,0.393442623,0.295081967,0.245901639,0.229508197,0.295081967
811,0.213114754,0.327868852,0.295081967,0.213114754,0.360655738,0.360655738
811,0.344262295,0.327868852,0.360655738,0.229508197,0.360655738,0.360655738
811,0.213114754,0.163934426,0.360655738,0.213114754,0.213114754,0.37704918
811,0.213114754,0.393442623,0.393442623,0.213114754,0.213114754,0.37704918
811,0.196721311,0.327868852,0.278688525,0.295081967,0.31147541,0.37704918
811,0.196721311,0.196721311,0.229508197,0.459016393,0.295081967,0.327868852
811,0.196721311,0.393442623,0.295081967,0.229508197,0.213114754,0.344262295
901,0.557377049,0.590163934,0.606557377,0.508196721,0.754098361,0.360655738
901,0.557377049,0.590163934,0.557377049,0.508196721,0.885245902,0.704918033
901,0.393442623,0.590163934,0.360655738,0.360655738,0.426229508,0.557377049
901,0.360655738,0.295081967,0.426229508,0.360655738,0.426229508,0.557377049
901,0.344262295,0.426229508,0.393442623,0.360655738,0.491803279,0.508196721
901,0.278688525,0.37704918,0.393442623,0.262295082,0.557377049,0.524590164
901,0.344262295,0.245901639,0.393442623,0.459016393,0.62295082,0.590163934
901,0.229508197,0.459016393,0.459016393,0.426229508,0.459016393,0.37704918
901,0.393442623,0.426229508,0.442622951,0.426229508,0.229508197,0.442622951
901,0.278688525,0.360655738,0.442622951,0.344262295,0.590163934,0.524590164
901,0.262295082,0.475409836,0.442622951,0.442622951,0.540983607,0.524590164
901,0.262295082,0.426229508,0.557377049,0.426229508,0.491803279,0.524590164
901,0.31147541,0.426229508,0.459016393,0.426229508,0.491803279,0.557377049
901,0.31147541,0.426229508,0.459016393,0.426229508,0.491803279,0.557377049
901,0.31147541,0.459016393,0.442622951,0.37704918,0.491803279,0.557377049
901,0.31147541,0.491803279,0.442622951,0.459016393,0.655737705,0.540983607
901,0.295081967,0.426229508,0.442622951,0.409836066,0.524590164,0.459016393
901,0.409836066,0.213114754,0.360655738,0.442622951,0.508196721,0.508196721
901,0.360655738,0.426229508,0.360655738,0.442622951,0.639344262,0.491803279
901,0.278688525,0.426229508,0.442622951,0.393442623,0.475409836,0.295081967
901,0.37704918,0.295081967,0.442622951,0.393442623,0.540983607,0.409836066
901,0.114754098,0.459016393,0.508196721,0.295081967,0.573770492,0.573770492
901,0.114754098,0.442622951,0.475409836,0.295081967,0.573770492,0.573770492
901,0.213114754,0.196721311,0.426229508,0.393442623,0.540983607,0.360655738
901,0.360655738,0.180327869,0.426229508,0.459016393,0.62295082,0.360655738
911,0.295081967,0.37704918,0.327868852,0.540983607,0.459016393,0.68852459
911,0.295081967,0.37704918,0.327868852,0.557377049,0.459016393,0.68852459
911,0.426229508,0.540983607,0.327868852,0.655737705,0.573770492,0.62295082
911,0.360655738,0.524590164,0.426229508,0.459016393,0.524590164,0.590163934
911,0.360655738,0.540983607,0.409836066,0.524590164,0.442622951,0.573770492
911,0.37704918,0.475409836,0.393442623,0.606557377,0.557377049,0.573770492
911,0.37704918,0.573770492,0.475409836,0.491803279,0.557377049,0.655737705
911,0.540983607,0.557377049,0.393442623,0.163934426,0.475409836,0.590163934
911,0.573770492,0.557377049,0.393442623,0.590163934,0.508196721,0.639344262
911,0.278688525,0.557377049,0.393442623,0.524590164,0.508196721,0.655737705
911,0.393442623,0.557377049,0.442622951,0.524590164,0.508196721,0.606557377
911,0.557377049,0.524590164,0.557377049,0.475409836,0.508196721,0.606557377
911,0.262295082,0.475409836,0.524590164,0.409836066,0.524590164,0.639344262
911,0.37704918,0.62295082,0.327868852,0.409836066,0.557377049,0.655737705
911,0.573770492,0.524590164,0.327868852,0.393442623,0.590163934,0.606557377
911,0.229508197,0.508196721,0.508196721,0.442622951,0.540983607,0.639344262
911,0.426229508,0.508196721,0.196721311,0.573770492,0.540983607,0.62295082
911,0.557377049,0.540983607,0.196721311,0.524590164,0.163934426,0.573770492
911,0.426229508,0.540983607,0.393442623,0.524590164,0.557377049,0.573770492
911,0.31147541,0.557377049,0.393442623,0.524590164,0.557377049,0.590163934
911,0.31147541,0.557377049,0.491803279,0.508196721,0.557377049,0.590163934
911,0.475409836,0.393442623,0.491803279,0.508196721,0.524590164,0.639344262
911,0.508196721,0.573770492,0.491803279,0.491803279,0.557377049,0.639344262
911,0.508196721,0.508196721,0.278688525,0.62295082,0.459016393,0.524590164
911,0.524590164,0.524590164,0.278688525,0.475409836,0.459016393,0.524590164
